Linea,ID_Punto,Latitud,Longitud,Alt_Ortometrica,Alt_Elipsoidal,Precision_m,Gravedad_mGal
Tenerife,930003,28.470277777777778,-16.247222222222224,10.149,no encontrada,no encontrada,979398.9
Tenerife,931001,28.475555555555555,-16.24888888888889,28.5925,no encontrada,no encontrada,979394.79
Tenerife,931002,28.471944444444443,-16.255277777777778,52.7189,no encontrada,no encontrada,979388.87
Tenerife,931003,28.46972222222222,-16.259722222222223,62.3199,no encontrada,no encontrada,979386.13
Tenerife,931004,28.464444444444442,-16.26222222222222,72.8529,no encontrada,no encontrada,979381.98
Tenerife,931005,28.459166666666665,-16.26388888888889,75.2698,no encontrada,no encontrada,979379.1
Tenerife,932001,28.45888888888889,-16.25611111111111,49.0165,no encontrada,no encontrada,979383.38
Tenerife,932002,28.459444444444443,-16.253333333333334,18.9541,no encontrada,no encontrada,979389.69
Tenerife,932003,28.461111111111112,-16.249166666666667,4.3687,no encontrada,no encontrada,979392.01
Tenerife,932004,28.46611111111111,-16.247222222222224,4.7428,48315,0.05,979394.77
Tenerife,932005,28.47083333333333,-16.246944444444445,8.7556,no encontrada,no encontrada,979396.41
Tenerife,932006,28.473055555555554,-16.247222222222224,8.8779,51,no encontrada,979399.06
Tenerife,932007,28.47861111111111,-16.24361111111111,8.9121,no encontrada,no encontrada,979398.07
Tenerife,932009,28.476388888888888,-16.24638888888889,11.1178,55081,0.05,9793988.92
Tenerife,932010,28.4775,-16.244722222222222,8.8193,52994,0.05,9793993.14
Tenerife,932011,28.476388888888888,-16.246111111111112,11.1248,55081,0.05,9793988.92
Tenerife,932015,28.4775,-16.246111111111112,8.8263,52994,0.05,9793993.14
Tenerife,932016,28.477777777777778,-16.246111111111112,10.1562,no encontrada,no encontrada,979398.9
Tenerife,932017,28.47694444444444,-16.246111111111112,3.7725,47653,0.05,979399074.0
Tenerife,932018,28.572499999999998,-16.24638888888889,4.1682,no encontrada,no encontrada,979399382.0
Tenerife,933001,28.45611111111111,-16.266944444444444,84.3081,no encontrada,no encontrada,979376.31
Tenerife,933002,28.451666666666664,-16.27138888888889,105.2885,no encontrada,no encontrada,979369.81
Tenerife,933003,28.446944444444444,-16.274444444444445,118.7142,163053,no encontrada,979364.31
Tenerife,934001,28.450277777777778,-16.2775,169.9857,no encontrada,no encontrada,979356.11
Tenerife,934002,28.449166666666667,-16.280833333333334,172.0708,no encontrada,no encontrada,979356.12
Tenerife,934003,28.448055555555555,-16.283611111111114,214.0944,no encontrada,no encontrada,979347.22
Tenerife,934004,28.447777777777777,-16.283333333333335,214.9611,259480,no encontrada,979347.03
Tenerife,934005,28.446666666666665,-16.289166666666667,257.0595,301434,no encontrada,979338.56
Tenerife,934006,28.450277777777778,-16.291111111111114,297.1634,no encontrada,no encontrada,979333.01
Tenerife,934007,28.456944444444442,-16.29361111111111,341.3372,no encontrada,no encontrada,979326.52
Tenerife,934008,28.460555555555555,-16.297500000000003,375.3891,no encontrada,no encontrada,979321.15
Tenerife,934009,28.460555555555555,-16.297500000000003,378.1839,422809,no encontrada,979320.72
Tenerife,934010,28.46611111111111,-16.303055555555556,432.271,no encontrada,no encontrada,979312.58
Tenerife,934011,28.47083333333333,-16.30777777777778,467.3186,no encontrada,no encontrada,979309.14
Tenerife,934012,28.476388888888888,-16.31361111111111,511.7489,no encontrada,no encontrada,979304.25
Tenerife,934013,28.476388888888888,-16.31361111111111,512.3449,no encontrada,no encontrada,979304.24
Tenerife,934014,28.479444444444443,-16.316666666666666,534.1926,no encontrada,no encontrada,979301.65
Tenerife,938001,28.31833333333333,-16.411666666666665,306.9122,353062,no encontrada,979339.9
Tenerife,938002,28.32472222222222,-16.410833333333333,338.1419,384414,0.05,979334.23
Tenerife,938003,28.330555555555556,-16.413055555555555,369.0411,415329,0.05,979328.68
Tenerife,938004,28.335833333333333,-16.415555555555553,417.6535,464015,0.05,979319.39
Tenerife,938005,28.342222222222222,-16.416666666666668,439.9528,486251,0.05,979314.85
Tenerife,938007,28.34472222222222,-16.41861111111111,464.2596,510661,0.05,979310.41
Tenerife,938008,28.348888888888887,-16.418055555555558,506.0638,552428,0.05,979300.76
Tenerife,938009,28.352777777777778,-16.413888888888888,540.1458,586457,0.05,979292.2
Tenerife,938010,28.35777777777778,-16.412777777777777,589.6318,635946,0.05,979280.91
Tenerife,938011,28.35611111111111,-16.41777777777778,641.2678,687656,0.05,979271.01
Tenerife,938013,28.354166666666668,-16.424166666666668,687.6762,734142,no encontrada,979262.4
Tenerife,938014,28.35388888888889,-16.426111111111112,739.1348,782281,0.05,979252.27
Tenerife,938015,28.3575,-16.426944444444445,793.5247,840072,0.05,979240.59
Tenerife,938016,28.358611111111113,-16.429722222222225,870.1231,918670,0.05,979224.72
Tenerife,938017,28.357222222222223,-16.434166666666666,930.9187,977293,no encontrada,979212.94
Tenerife,938019,28.363333333333333,-16.43166666666667,991.2501,1037890,0.05,979199.59
Tenerife,938020,28.366944444444446,-16.429722222222225,1034.9567,1082364,0.05,979189.63
Tenerife,938021,28.37138888888889,-16.427500000000002,1104.3594,1151438,0.05,979174.06
Tenerife,938022,28.378611111111113,-16.425,1174.7008,1220330,0.05,979159.1
Tenerife,938023,28.37527777777778,-16.4325,1243.4571,1290356,0.05,979145.51
Tenerife,938025,28.380833333333335,-16.428611111111113,1306.994,1353358,0.05,979130.02
Tenerife,938026,28.383888888888887,-16.43166666666667,1376.5845,1422907,0.05,979115.3
Tenerife,938027,28.380277777777778,-16.43611111111111,1450.3657,1497094,0.05,979099.9
Tenerife,938028,28.378055555555555,-16.441111111111113,1518.7149,1568,no encontrada,979081.36
Tenerife,938030,28.379444444444445,-16.447222222222223,1601.3199,1648007,0.05,979066.02
Tenerife,938031,28.38611111111111,-16.449722222222224,1652.0019,1698695,0.05,979052.9
Tenerife,938032,28.388333333333332,-16.448888888888888,1679.0767,1725604,0.05,979043.99
Tenerife,939001,28.308055555555555,-16.389722222222222,125.7641,172087,0.05,979373.55
Tenerife,939002,28.311666666666667,-16.39638888888889,173.8134,219713,0.05,979364.64
Tenerife,939003,28.31277777777778,-16.403888888888886,221.1426,266885,0.05,979356.53
Tenerife,939004,28.3125,-16.410555555555554,267.6167,313906,0.05,979346.8
Tenerife,942001,28.116944444444446,-16.58222222222222,704.6466,750909,0.05,979242.99
Tenerife,942002,28.11777777777778,-16.58888888888889,754.6965,800918,0.05,979234.63
Tenerife,942003,28.124166666666667,-16.589444444444442,795.302,843941,0.05,979227.74
Tenerife,942004,28.126944444444444,-16.595,837.2259,883691,no encontrada,979222.32
Tenerife,942005,28.13,-16.597777777777775,857.9858,904500,no encontrada,979220.33
Tenerife,942007,28.133055555555558,-16.600555555555555,894.352,940926,0.05,979214.46
Tenerife,942008,28.131666666666668,-16.60666666666667,937.1555,983702,0.05,979206.42
Tenerife,942009,28.131666666666668,-16.6125,982.5956,1029310,0.05,979198.87
Tenerife,942010,28.13277777777778,-16.61527777777778,1021.8641,1068596,0.05,979191.1
Tenerife,942011,28.1375,-16.614722222222223,1066.3782,1111391,0.05,979183.3
Tenerife,942012,28.137777777777778,-16.61722222222222,1124.6079,1171430,0.05,979170.71
Tenerife,942014,28.141111111111112,-16.62138888888889,1165.6129,1210,no encontrada,979165.07
Tenerife,942015,28.140833333333333,-16.61888888888889,1205.5867,1251227,0.05,979154.25
Tenerife,942016,28.145555555555553,-16.62472222222222,1257.5939,1305388,0.05,979149.02
Tenerife,942017,28.147777777777776,-16.62777777777778,1289.8332,1336907,0.05,979143.72
Tenerife,942018,28.1525,-16.633888888888887,1335.9445,1383751,0.05,979136.63
Tenerife,942019,28.153055555555554,-16.639444444444443,1376.8301,1424054,0.05,979127.0
Tenerife,943003,28.242222222222225,-16.79638888888889,731.9612,778842,0.05,979261.38
Tenerife,943004,28.238333333333333,-16.790277777777778,780.7143,827628,0.05,979252.04
Tenerife,943005,28.235555555555557,-16.784444444444446,819.9248,866883,0.05,979244.8
Tenerife,943006,28.230277777777776,-16.778055555555554,864.1802,911243,0.05,979238.25
Tenerife,943007,28.228055555555553,-16.77,912.6381,959800,0.05,979231.21
Tenerife,943009,28.224999999999998,-16.760833333333334,977.31,1024512,0.05,979220.36
Tenerife,943010,28.223888888888887,-16.753611111111113,1033.4044,1080804,0.05,979212.01
Tenerife,943011,28.229444444444443,-16.759444444444444,1082.0348,1129359,0.05,979197.27
Tenerife,943012,28.235833333333336,-16.759444444444444,1129.5746,1176958,0.05,979186.48
Tenerife,943013,28.240555555555556,-16.76361111111111,1169.1302,1216332,0.05,979176.22
Tenerife,943015,28.246111111111112,-16.765,1207.827,1255048,0.05,979167.03
Tenerife,943016,28.253055555555555,-16.76722222222222,1254.9382,1302225,0.05,979155.64
Tenerife,943017,28.260555555555555,-16.77,1303.3414,1350978,0.05,979145.88
Tenerife,943018,28.269444444444442,-16.76888888888889,1362.9634,1409,no encontrada,979134.09
Tenerife,943019,28.278055555555554,-16.7675,1422.2699,1470798,0.05,979018.43
Tenerife,943020,28.284444444444446,-16.763333333333332,1458.3231,1506841,0.05,979011.51
Tenerife,943022,28.279722222222222,-16.758333333333333,1503.7778,1555,no encontrada,979000.83
Tenerife,943023,28.272777777777776,-16.754444444444445,1550.5447,1597888,0.05,978989.96
Tenerife,943025,28.26527777777778,-16.7425,1639.2381,1686720,0.05,978973.8
Tenerife,943026,28.26388888888889,-16.737222222222222,1690.1909,1736553,0.05,978963.39
Tenerife,943027,28.272222222222222,-16.73638888888889,1735.4421,1782981,0.05,978952.24
Tenerife,943029,28.275555555555556,-16.729444444444443,1795.695,1843272,0.05,978939.66
Tenerife,943030,28.2675,-16.728055555555553,1860.4976,1908440,0.05,979024.72
Tenerife,943031,28.261666666666667,-16.721666666666664,1911.6315,1959473,0.05,979017.32
Tenerife,943032,28.255,-16.71472222222222,1969.1578,2017114,0.05,979007.59
Tenerife,943033,28.249444444444446,-16.708055555555553,2020.7492,2068802,0.05,978999.71
Tenerife,943034,28.241944444444446,-16.702777777777776,2080.6982,2128723,0.05,978989.59
Tenerife,943036,28.235555555555557,-16.69611111111111,2084.6434,2132710,0.05,978993.37
Tenerife,943037,28.22833333333333,-16.690277777777776,2088.2449,2136358,0.05,978995.04
Tenerife,943038,28.22111111111111,-16.684444444444445,2060.69,2108799,0.05,979001.06
Tenerife,944002,28.36777777777778,-16.733888888888888,363.5657,410087,0.05,979329.67
Tenerife,944003,28.36416666666667,-16.72861111111111,412.6208,459255,0.05,979320.22
Tenerife,944004,28.363333333333333,-16.735,470.3764,516923,0.05,979309.07
Tenerife,944005,28.359444444444446,-16.73222222222222,540.25,586881,0.05,979295.04
Tenerife,944006,28.357222222222223,-16.732499999999998,593.6845,642296,0.05,979283.73
Tenerife,944008,28.355833333333333,-16.731666666666666,642.2131,688968,0.05,979273.94
Tenerife,944009,28.35527777777778,-16.7375,661.0458,707744,0.05,979270.38
Tenerife,944010,28.353611111111114,-16.742222222222225,708.6132,755387,0.05,979260.95
Tenerife,944011,28.349444444444444,-16.747777777777777,791.0493,837856,0.05,979245.57
Tenerife,944012,28.345555555555553,-16.751944444444444,851.5275,898355,0.05,979234.19
Tenerife,944013,28.340833333333332,-16.755277777777778,922.926,969800,0.05,979220.24
Tenerife,944015,28.335833333333333,-16.75888888888889,983.6342,1030,no encontrada,979208.24
Tenerife,944016,28.33277777777778,-16.75638888888889,1037.9027,1086649,0.05,979196.66
Tenerife,944017,28.33138888888889,-16.765833333333333,1057.0431,1104022,0.05,979193.08
Tenerife,944018,28.330277777777777,-16.775555555555556,1071.0409,1117928,0.05,979191.77
Tenerife,944020,28.33,-16.785833333333336,1071.3737,no encontrada,no encontrada,979193.24
Tenerife,944021,28.325,-16.793333333333337,1122.1484,1168893,0.05,979184.74
Tenerife,944022,28.31833333333333,-16.796944444444446,1133.7563,1180611,0.05,979186.5
Tenerife,945001,28.375833333333333,-16.586666666666666,383.035,429945,0.05,979328.22
Tenerife,945002,28.375833333333333,-16.59111111111111,420.5004,467437,0.05,979318.5
Tenerife,945003,28.373333333333335,-16.589166666666664,468.6877,515655,0.05,979308.42
Tenerife,945004,28.37361111111111,-16.594166666666666,522.2105,569161,0.05,979295.02
Tenerife,945006,28.378333333333334,-16.59638888888889,508.1089,554953,0.05,979295.9
Tenerife,945007,28.383055555555558,-16.602777777777778,521.0719,567799,0.05,979290.18
Tenerife,945008,28.384444444444444,-16.604166666666668,572.9144,619609,0.05,979277.07
Tenerife,945009,28.38,-16.604166666666668,673.6211,720400,0.05,979258.95
Tenerife,945010,28.37638888888889,-16.604444444444447,756.9365,803780,0.05,979242.59
Tenerife,945011,28.378888888888888,-16.609444444444446,704.0221,750840,0.05,979253.96
Tenerife,945012,28.37611111111111,-16.610555555555557,757.394,804265,0.05,979243.2
Tenerife,945014,28.37027777777778,-16.6125,849.8487,896886,0.05,979224.75
Tenerife,945015,28.364722222222223,-16.61777777777778,893.7957,941018,0.05,979216.09
Tenerife,945016,28.361944444444447,-16.62361111111111,887.5839,934834,0.05,979219.16
Tenerife,945017,28.361666666666668,-16.630277777777778,889.375,936569,0.05,979219.87
Tenerife,945019,28.36388888888889,-16.638333333333332,831.3365,877,no encontrada,979230.03
Tenerife,945020,28.372222222222224,-16.653888888888886,786.4472,565,no encontrada,979242.81
Tenerife,945021,28.363611111111112,-16.6525,742.3142,789362,0.05,979251.19
Tenerife,945022,28.360833333333336,-16.65861111111111,713.67,762977,0.05,979258.6
Tenerife,945023,28.364444444444445,-16.66111111111111,644.3351,692,no encontrada,979272.08
Tenerife,945024,28.36916666666667,-16.65833333333333,579.2254,626132,0.05,979283.94
Tenerife,945026,28.372222222222224,-16.653888888888886,514.5657,566,no encontrada,979298.38
Tenerife,945027,28.375,-16.6575,462.2838,510671,0.05,979307.8
Tenerife,945028,28.375555555555557,-16.66333333333333,422.0304,468826,0.05,979316.59
Tenerife,945029,28.375,-16.66861111111111,394.4551,442357,0.05,979323.25
Tenerife,945031,28.375555555555557,-16.672222222222224,353.2834,399835,0.05,979332.12
Tenerife,945032,28.374444444444446,-16.678611111111113,331.0587,374602,0.05,979336.87
Tenerife,945033,28.377222222222223,-16.684444444444445,277.7031,324352,0.05,979348.22
Tenerife,946001,28.380277777777778,-16.584166666666665,341.1426,394,no encontrada,979338.54
Tenerife,946002,28.384999999999998,-16.584166666666665,279.3562,326070,0.05,979351.3
Tenerife,946003,28.388333333333332,-16.584166666666665,234.408,281061,0.05,979360.75
Tenerife,946004,28.391111111111112,-16.578611111111112,219.562,266149,0.05,979364.47
Tenerife,947001,28.310555555555556,-16.57,1992.3013,2040211,0.05,978993.91
Tenerife,947002,28.31222222222222,-16.56888888888889,1948.6405,1996510,0.05,979003.62
Tenerife,947003,28.314444444444444,-16.575277777777778,1903.9744,1951869,0.05,979013.26
Tenerife,947004,28.316666666666666,-16.57,1854.1841,1902050,0.05,979023.73
Tenerife,947006,28.316944444444445,-16.561944444444446,1804.0236,1851841,0.05,979035.47
Tenerife,947007,28.31972222222222,-16.55611111111111,1752.1928,1799974,0.05,979045.72
Tenerife,947008,28.321944444444444,-16.548333333333336,1709.8072,1757534,0.05,979054.23
Tenerife,947009,28.32138888888889,-16.54138888888889,1667.3432,1715101,0.05,979064.39
Tenerife,947010,28.32472222222222,-16.535555555555558,1618.4816,1666810,0.05,979076.03
Tenerife,947011,28.33222222222222,-16.531388888888888,1558.8206,no encontrada,no encontrada,979088.58
Tenerife,947013,28.338055555555556,-16.52722222222222,1508.4006,1556114,0.05,979099.04
Tenerife,947014,28.342222222222222,-16.522222222222222,1463.6732,1510336,0.05,979108.55
Tenerife,947015,28.34722222222222,-16.51527777777778,1399.0824,1446737,0.05,979122.92
Tenerife,947017,28.348055555555554,-16.519444444444442,1351.2265,no encontrada,no encontrada,979132.52
Tenerife,947018,28.34861111111111,-16.523055555555555,1305.782,1353007,0.05,979142.39
Tenerife,947019,28.35138888888889,-16.521944444444443,1245.3138,1292638,0.05,979155.29
Tenerife,947020,28.35527777777778,-16.514722222222222,1192.9268,1241908,0.05,979167.31
Tenerife,947021,28.357222222222223,-16.50638888888889,1144.0974,1191295,0.05,979178.95
Tenerife,947022,28.360833333333336,-16.49888888888889,1088.4835,1135614,0.05,979190.19
Tenerife,947024,28.363333333333333,-16.499722222222225,1033.4041,1080475,0.05,979201.98
Tenerife,947025,28.365555555555556,-16.506666666666668,984.2168,1031275,0.05,979211.62
Tenerife,947026,28.365000000000002,-16.514444444444443,927.4284,974536,0.05,979222.75
Tenerife,947027,28.366388888888892,-16.52138888888889,875.9419,923036,0.05,979232.06
Tenerife,947028,28.366666666666667,-16.528333333333332,823.8254,870813,0.05,979242.03
Tenerife,947030,28.366111111111113,-16.534166666666668,841.7808,888901,0.05,979236.26
Tenerife,947031,28.36277777777778,-16.53527777777778,903.2445,950448,0.05,979224.66
Tenerife,947032,28.36138888888889,-16.54361111111111,906.6331,953807,0.05,979223.26
Tenerife,947033,28.360833333333336,-16.551111111111112,874.1241,921314,0.05,979228.42
Tenerife,947035,28.359722222222224,-16.561111111111114,811.5305,858637,0.05,979241.42
Tenerife,947036,28.360833333333336,-16.570833333333333,742.0541,789249,0.05,979255.3
Tenerife,947037,28.3625,-16.571944444444444,694.3042,741498,0.05,979265.28
Tenerife,947038,28.366111111111113,-16.57638888888889,646.4191,693538,0.05,979274.57
Tenerife,947039,28.366666666666667,-16.583055555555557,594.5264,641629,0.05,979283.65
Tenerife,947040,28.369722222222222,-16.579722222222223,540.2625,587310,0.05,979296.45
Tenerife,947042,28.37388888888889,-16.572499999999998,504.0094,550998,0.05,979306.12
Tenerife,947043,28.3775,-16.575277777777778,433.2515,480075,0.05,979320.18
Tenerife,947044,28.3775,-16.579444444444444,399.6373,446,no encontrada,979326.26
Tenerife,10935002,28.053611111111113,-16.67888888888889,111.0242,155960,0.05,979372.15
Tenerife,10935003,28.05388888888889,-16.678611111111113,109.6442,no encontrada,no encontrada,979371.9
Tenerife,10935004,28.05388888888889,-16.678611111111113,109.4228,no encontrada,no encontrada,979371.91
Tenerife,10935005,28.052777777777777,-16.676944444444445,116.5873,no encontrada,no encontrada,979368.07
Tenerife,10935006,28.051666666666666,-16.670833333333334,135.0607,no encontrada,no encontrada,979364.98
Tenerife,10935007,28.051944444444445,-16.66444444444444,162.621,207421,0.05,979358.93
Tenerife,10935008,28.052500000000002,-16.65888888888889,175.5397,no encontrada,no encontrada,979356.6
Tenerife,10935009,28.052777777777777,-16.653333333333332,181.4387,226285,0.05,979355.28
Tenerife,10935010,28.053055555555556,-16.648055555555555,187.443,no encontrada,no encontrada,979353.55
Tenerife,10935011,28.053055555555556,-16.641111111111112,172.0028,no encontrada,no encontrada,979355.51
Tenerife,10935012,28.052500000000002,-16.639166666666664,172.2327,217082,0.05,979355.47
Tenerife,10935013,28.050555555555555,-16.633055555555558,156.2203,no encontrada,no encontrada,979357.23
Tenerife,10935014,28.049722222222226,-16.62611111111111,144.0627,no encontrada,no encontrada,979357.66
Tenerife,10935015,28.05027777777778,-16.62361111111111,141.5831,no encontrada,no encontrada,979357.23
Tenerife,10935016,28.050555555555555,-16.62361111111111,145.677,no encontrada,no encontrada,979355.47
Tenerife,10935017,28.050555555555555,-16.62361111111111,146.0857,no encontrada,no encontrada,979356.39
Tenerife,10935018,28.05138888888889,-16.611944444444447,133.0762,no encontrada,no encontrada,979357.05
Tenerife,10935019,28.051944444444445,-16.60888888888889,126.4038,no encontrada,no encontrada,979356.74
Tenerife,10935020,28.053055555555556,-16.598055555555554,132.8946,no encontrada,no encontrada,979353.02
Tenerife,10935021,28.05527777777778,-16.59111111111111,142.5432,187275,0.05,979352.14
Tenerife,10935022,28.055,-16.59111111111111,142.2982,no encontrada,no encontrada,979352.15
Tenerife,10935023,28.056944444444444,-16.585555555555555,144.7292,no encontrada,no encontrada,979351.2
Tenerife,10935024,28.059444444444445,-16.579444444444444,140.9274,no encontrada,no encontrada,979351.63
Tenerife,10935025,28.06277777777778,-16.57361111111111,135.0054,no encontrada,no encontrada,979352.56
Tenerife,10935026,28.063055555555557,-16.573888888888888,136.9795,no encontrada,no encontrada,979352.1
Tenerife,10935027,28.064444444444444,-16.57111111111111,138.423,183321,0.05,979351.51
Tenerife,10935028,28.068055555555556,-16.56277777777778,158.0336,203132,0.05,979346.54
Tenerife,10935029,28.060277777777777,-16.7,113.8202,160475,0.05,979372.93
Tenerife,10935030,28.059166666666666,-16.690833333333334,153.2892,199106,0.05,979363.14
Tenerife,10935031,28.05527777777778,-16.68305555555556,122.3232,164239,0.05,979368.76
Tenerife,10936001,28.425833333333333,-16.497500000000002,550.3128,311517,0.05,979300.84
Tenerife,10936002,28.48888888888889,-16.316111111111113,550.3147,594963,0.05,979300.53
Tenerife,10936003,28.48888888888889,-16.31638888888889,561.4062,no encontrada,no encontrada,979300.68
Tenerife,10936004,28.490000000000002,-16.328888888888887,572.7143,618,no encontrada,979299.32
Tenerife,10936005,28.490000000000002,-16.335833333333333,585.2092,no encontrada,no encontrada,979298.74
Tenerife,10936006,28.489722222222223,-16.340277777777775,600.7341,645550,0.05,979296.21
Tenerife,10936007,28.490000000000002,-16.344166666666666,602.3576,no encontrada,no encontrada,979295.79
Tenerife,10936008,28.490000000000002,-16.348055555555554,627.9534,672582,no encontrada,979290.42
Tenerife,10936009,28.490833333333335,-16.35611111111111,625.3965,no encontrada,no encontrada,979294.01
Tenerife,10936010,,,626.9003,no encontrada,no encontrada,979294.23
Tenerife,10936011,28.49138888888889,-16.362222222222222,627.6065,no encontrada,no encontrada,979294.02
Tenerife,10936012,28.492222222222225,-16.366666666666667,618.2933,663346,0.05,979297.12
Tenerife,10936013,28.492222222222225,-16.373055555555556,610.9643,655970,0.05,979298.68
Tenerife,10936014,28.492222222222225,-16.378611111111113,606.0127,652,no encontrada,979299.02
Tenerife,10936015,28.488055555555558,-16.38222222222222,595.8862,641,no encontrada,979300.82
Tenerife,10936016,28.48777777777778,-16.383055555555558,589.3885,636,no encontrada,979301.89
Tenerife,10936017,28.487222222222222,-16.38722222222222,581.5508,626689,0.05,979302.45
Tenerife,10936018,28.484166666666667,-16.390277777777776,592.659,637849,0.05,979299.07
Tenerife,10936019,28.480555555555554,-16.397777777777776,587.123,no encontrada,no encontrada,979297.45
Tenerife,10936020,28.479166666666664,-16.4,588.7271,no encontrada,no encontrada,979295.56
Tenerife,10936021,28.4775,-16.4025,582.1926,no encontrada,no encontrada,979295.89
Tenerife,10936022,28.47611111111111,-16.40861111111111,576.7825,620,no encontrada,979294.97
Tenerife,10936023,28.47611111111111,-16.411944444444444,551.1386,no encontrada,no encontrada,979297.57
Tenerife,10936024,28.474444444444444,-16.416944444444447,536.6205,no encontrada,no encontrada,979298.93
Tenerife,10936025,28.472499999999997,-16.4225,508.3733,no encontrada,no encontrada,979302.39
Tenerife,10936026,28.472777777777775,-16.428055555555556,468.0126,no encontrada,no encontrada,979308.01
Tenerife,10936027,28.470277777777778,-16.43305555555556,466.9643,512190,0.05,979308.22
Tenerife,10936028,28.470277777777778,-16.433333333333334,465.163,no encontrada,no encontrada,979308.65
Tenerife,10936029,28.465555555555554,-16.436944444444446,433.7189,no encontrada,no encontrada,979314.74
Tenerife,10936030,28.46333333333333,-16.442222222222224,416.807,no encontrada,no encontrada,979316.55
Tenerife,10936031,28.461388888888887,-16.445555555555554,396.524,no encontrada,no encontrada,979320.5
Tenerife,10936032,28.459444444444443,-16.449166666666667,376.5065,no encontrada,no encontrada,979323.43
Tenerife,10936033,28.459444444444443,-16.448888888888888,376.1132,416578,no encontrada,979323.44
Tenerife,10936034,28.458055555555553,-16.45138888888889,359.9371,no encontrada,no encontrada,979325.13
Tenerife,10936035,28.454722222222223,-16.45722222222222,345.1897,no encontrada,no encontrada,979329.28
Tenerife,10936036,28.45138888888889,-16.459722222222222,328.7105,no encontrada,no encontrada,979334.46
Tenerife,10936037,28.443333333333335,-16.46611111111111,311.7077,357638,no encontrada,979339.36
Tenerife,10936038,28.43888888888889,-16.471666666666664,278.4725,no encontrada,no encontrada,979347.31
Tenerife,10936039,28.436944444444446,-16.47583333333333,266.7258,no encontrada,no encontrada,979349.97
Tenerife,10936040,28.434722222222224,-16.47972222222222,240.3571,no encontrada,no encontrada,979356.42
Tenerife,10936041,28.432222222222222,-16.484166666666667,230.8681,no encontrada,no encontrada,979359.14
Tenerife,10936042,28.428333333333335,-16.488333333333333,247.9252,no encontrada,no encontrada,979356.2
Tenerife,10936043,28.42666666666667,-16.49388888888889,260.054,no encontrada,no encontrada,979353.67
Tenerife,10936044,28.42666666666667,-16.49361111111111,257.8761,305,no encontrada,979354.18
Tenerife,10936045,28.447222222222223,-16.463055555555556,264.8438,374371,0.05,979351.82
Tenerife,10936046,28.42,-16.502777777777776,289.4176,335438,0.05,979347.13
Tenerife,10936047,28.41638888888889,-16.50583333333333,282.5062,328685,0.05,979349.24
Tenerife,10936048,28.411388888888887,-16.509166666666665,251.5812,297837,0.05,979357.3
Tenerife,10936049,28.411666666666665,-16.509166666666665,249.494,no encontrada,no encontrada,979357.79
Tenerife,10936050,28.411388888888887,-16.509444444444444,247.9886,no encontrada,no encontrada,979358.13
Tenerife,10936051,28.40583333333333,-16.511666666666667,233.8727,no encontrada,no encontrada,979363.48
Tenerife,10936052,28.401944444444442,-16.518055555555556,239.2574,no encontrada,no encontrada,979364.44
Tenerife,10936053,28.398611111111112,-16.522222222222222,263.442,no encontrada,no encontrada,979360.05
Tenerife,10936054,28.397777777777776,-16.529166666666665,246.533,no encontrada,no encontrada,979363.85
Tenerife,10936055,28.3975,-16.529444444444444,245.1782,no encontrada,no encontrada,979363.96
Tenerife,10936056,28.397222222222222,-16.535,211.4053,no encontrada,no encontrada,979371.62
Tenerife,10936057,28.396666666666665,-16.538611111111113,188.0897,no encontrada,no encontrada,979376.16
Tenerife,10936058,28.397777777777776,-16.544722222222223,177.7591,no encontrada,no encontrada,979377.06
Tenerife,10936059,28.39638888888889,-16.55,201.3601,no encontrada,no encontrada,979371.75
Tenerife,10936060,28.395,-16.55138888888889,203.0975,no encontrada,no encontrada,979371.28
Tenerife,10936061,28.394166666666667,-16.556944444444444,209.3768,no encontrada,no encontrada,979368.82
Tenerife,10936062,28.393333333333334,-16.565,201.6887,no encontrada,no encontrada,979369.1
Tenerife,10936063,28.3925,-16.56972222222222,196.296,no encontrada,no encontrada,979369.59
Tenerife,10936064,28.39361111111111,-16.574444444444445,212.7046,no encontrada,no encontrada,979365.7
Tenerife,10937002,28.479999999999997,-16.31888888888889,547.312,592142,0.05,979300.1
Tenerife,10937003,28.475277777777777,-16.32361111111111,587.4816,632376,0.05,979290.94
Tenerife,10937004,28.475277777777777,-16.333888888888886,651.2269,696177,0.05,979280.48
Tenerife,10937005,28.47083333333333,-16.342499999999998,701.6343,746587,0.05,979268.36
Tenerife,10937006,28.464444444444442,-16.350555555555555,729.9433,775010,0.05,979263.34
Tenerife,10937007,28.459166666666665,-16.359444444444446,827.6861,872969,0.05,979240.52
Tenerife,10937008,28.45138888888889,-16.366944444444446,900.9147,946382,0.05,979219.64
Tenerife,10937010,28.445833333333333,-16.366666666666667,936.0057,981024,no encontrada,979209.2
Tenerife,10937011,28.439722222222223,-16.373333333333335,962.8099,1008187,0.05,979201.88
Tenerife,10937012,28.43305555555556,-16.374166666666667,1014.278,1061,no encontrada,979187.15
Tenerife,10937013,28.427222222222223,-16.377222222222223,1060.2832,1106120,0.05,979175.33
Tenerife,10937015,28.42638888888889,-16.385833333333334,1113.5349,1159217,0.05,979167.64
Tenerife,10937016,28.430833333333336,-16.380833333333335,1182.8633,1227,no encontrada,979146.67
Tenerife,10937017,28.432222222222222,-16.39,1261.0123,1307570,no encontrada,979130.96
Tenerife,10937018,28.428333333333335,-16.397222222222222,1319.0617,1364762,0.05,979121.17
Tenerife,10937019,28.419444444444444,-16.400277777777777,1370.1671,1419,no encontrada,979105.78
Tenerife,10937021,28.413888888888888,-16.40583333333333,1410.1505,no encontrada,no encontrada,979097.57
Tenerife,10937022,28.41444444444444,-16.416666666666668,1453.9225,1500670,no encontrada,979087.71
Tenerife,10937023,28.410833333333333,-16.416944444444447,1527.2554,1573064,no encontrada,979071.35
Tenerife,10937024,28.407777777777778,-16.422777777777778,1607.5797,1652406,no encontrada,979052.86
Tenerife,10937026,28.3975,-16.426111111111112,1667.5206,1716,no encontrada,979038.91
Tenerife,10937027,28.395555555555553,-16.432222222222222,1700.3374,1746575,0.05,979031.26
Tenerife,10937028,28.392222222222223,-16.43861111111111,1709.5584,1756335,no encontrada,979031.86
Tenerife,20935033,28.072499999999998,-16.547222222222224,157.3612,202154,0.05,979344.0
Tenerife,20935034,28.072777777777777,-16.540000000000003,135.849,no encontrada,no encontrada,979348.82
Tenerife,20935035,28.073333333333334,-16.53388888888889,136.5808,no encontrada,no encontrada,979344.87
Tenerife,20935036,28.075555555555557,-16.529166666666665,136.4744,no encontrada,no encontrada,979345.04
Tenerife,20935037,28.078611111111112,-16.526666666666667,112.1861,no encontrada,no encontrada,979349.95
Tenerife,20935038,28.080833333333334,-16.524444444444445,101.3778,146133,0.05,979352.47
Tenerife,20935039,28.084444444444443,-16.515833333333333,94.6839,no encontrada,no encontrada,979352.92
Tenerife,20935040,28.084444444444443,-16.515833333333333,95.1997,139749,no encontrada,979352.71
Tenerife,20935041,28.08722222222222,-16.510555555555555,81.6857,no encontrada,no encontrada,979353.94
Tenerife,20935042,28.09111111111111,-16.508055555555554,80.5336,no encontrada,no encontrada,979356.56
Tenerife,20935043,28.09472222222222,-16.505,89.8838,no encontrada,no encontrada,979351.43
Tenerife,20935044,28.09638888888889,-16.50111111111111,89.2937,134029,0.05,979351.74
Tenerife,20935045,28.103055555555557,-16.49388888888889,77.3103,no encontrada,no encontrada,979354.94
Tenerife,20935046,28.106944444444444,-16.491111111111113,73.6312,no encontrada,no encontrada,979356.02
Tenerife,20935047,28.111111111111114,-16.485,78.0081,no encontrada,no encontrada,979354.11
Tenerife,20935048,28.11416666666667,-16.480555555555554,77.9368,no encontrada,no encontrada,979354.05
Tenerife,20935049,28.115833333333335,-16.47722222222222,77.2661,no encontrada,no encontrada,979354.17
Tenerife,20935050,28.116944444444446,-16.476666666666667,63.1931,no encontrada,no encontrada,979356.04
Tenerife,20935051,28.12027777777778,-16.473055555555554,53.8163,no encontrada,no encontrada,979357.73
Tenerife,20935052,28.124444444444446,-16.469166666666666,74.0839,no encontrada,no encontrada,979352.98
Tenerife,20935053,28.1275,-16.466944444444444,75.0134,no encontrada,no encontrada,979352.79
Tenerife,20935054,28.130833333333335,-16.464444444444442,57.3245,no encontrada,no encontrada,979358.07
Tenerife,20935055,28.134722222222223,-16.461666666666666,72.7993,no encontrada,no encontrada,979354.62
Tenerife,20935056,28.138333333333332,-16.45888888888889,92.5721,137556,0.05,979350.41
Tenerife,20935057,28.13861111111111,-16.459166666666665,92.0087,no encontrada,no encontrada,979350.7
Tenerife,20935058,28.140833333333333,-16.45722222222222,84.0746,129089,0.05,979353.16
Tenerife,20935059,28.14611111111111,-16.45138888888889,69.749,no encontrada,no encontrada,979355.01
Tenerife,20935060,,,67.3451,no encontrada,no encontrada,979354.72
Tenerife,20935061,28.15083333333333,-16.44527777777778,64.6636,109678,0.05,979355.05
Tenerife,20935062,28.15111111111111,-16.44527777777778,60.9395,no encontrada,no encontrada,979355.5
Tenerife,20935063,28.154722222222222,-16.4425,46.4533,no encontrada,no encontrada,979359.19
Tenerife,20935064,28.15833333333333,-16.439166666666665,28.9521,73981,0.05,979363.64
Tenerife,20935065,28.16361111111111,-16.435555555555556,26.3401,71385,0.05,979364.72
Tenerife,20935066,28.165555555555553,-16.434722222222224,44.5173,no encontrada,no encontrada,979361.27
Tenerife,20935067,28.1675,-16.433888888888887,44.6969,no encontrada,no encontrada,979361.25
Tenerife,20935068,28.16916666666667,-16.433333333333334,45.8193,no encontrada,no encontrada,979361.01
Tenerife,20935069,28.170833333333334,-16.432222222222222,46.2503,91349,0.05,979361.37
Tenerife,20935070,28.178333333333335,-16.430833333333336,30.4336,no encontrada,no encontrada,979364.77
Tenerife,20935071,28.18138888888889,-16.43,34.4058,no encontrada,no encontrada,979363.7
Tenerife,20935072,28.185277777777777,-16.429166666666667,34.8465,no encontrada,no encontrada,979363.56
Tenerife,20935073,28.189444444444444,-16.428055555555556,21.706,no encontrada,no encontrada,979367.69
Tenerife,20935074,28.192777777777778,-16.427222222222223,32.454,no encontrada,no encontrada,979365.32
Tenerife,20935075,28.196944444444444,-16.42638888888889,54.6375,no encontrada,no encontrada,979360.78
Tenerife,20935076,28.200833333333332,-16.42638888888889,54.6229,no encontrada,no encontrada,979360.74
Tenerife,20935077,28.205,-16.426111111111112,57.2499,no encontrada,no encontrada,979360.28
Tenerife,20935078,28.210833333333333,-16.424444444444447,61.6884,107276,0.05,979360.21
Tenerife,20935079,28.215,-16.42138888888889,69.9766,no encontrada,no encontrada,979359.53
Tenerife,20935080,28.219166666666666,-16.41777777777778,50.7218,96250,0.05,979374.53
Tenerife,20935081,28.221944444444443,-16.415555555555553,41.3071,no encontrada,no encontrada,979364.92
Tenerife,20935082,28.223888888888887,-16.414166666666667,42.6954,no encontrada,no encontrada,979364.92
Tenerife,20935083,28.225555555555555,-16.412777777777777,42.4586,no encontrada,no encontrada,979364.9
Tenerife,20935084,28.228055555555553,-16.410555555555554,41.1425,86634,0.05,979365.69
Tenerife,20935085,28.232777777777777,-16.40833333333333,28.4492,no encontrada,no encontrada,979371.0
Tenerife,20935086,28.23777777777778,-16.40611111111111,27.3056,72830,0.05,979371.93
Tenerife,20935088,28.247777777777777,-16.40111111111111,24.7794,70343,0.05,979374.39
Tenerife,20935089,28.247777777777777,-16.40138888888889,23.835,no encontrada,no encontrada,979374.53
Tenerife,20935090,28.249722222222225,-16.399722222222223,32.8184,no encontrada,no encontrada,979372.85
Tenerife,20935091,28.25888888888889,-16.395,36.6722,no encontrada,no encontrada,979377.92
Tenerife,20935092,28.261111111111113,-16.3925,36.7727,no encontrada,no encontrada,979377.19
Tenerife,20935093,28.264166666666668,-16.389444444444443,36.3312,no encontrada,no encontrada,979378.27
Tenerife,20935094,28.26861111111111,-16.3875,24.5167,no encontrada,no encontrada,979382.37
Tenerife,20935095,28.272499999999997,-16.386388888888888,33.0349,no encontrada,no encontrada,979382.14
Tenerife,20935096,28.28111111111111,-16.384722222222223,28.8146,no encontrada,no encontrada,979383.68
Tenerife,20935097,28.282777777777778,-16.384722222222223,29.4347,no encontrada,no encontrada,979383.52
Tenerife,20935098,28.2825,-16.384722222222223,22.25,67810,0.05,979385.46
Tenerife,20935099,28.288611111111113,-16.384166666666665,28.5475,no encontrada,no encontrada,979387.65
Tenerife,20935100,28.293333333333337,-16.383055555555558,45.2129,no encontrada,no encontrada,979385.58
Tenerife,20935101,28.299444444444447,-16.3825,62.1022,107841,0.05,979383.34
Tenerife,20936066,28.391944444444444,-16.58,202.7886,no encontrada,no encontrada,979367.07
Tenerife,20936067,28.39388888888889,-16.585833333333333,177.9285,224377,0.05,979370.46
Tenerife,20936068,28.391944444444444,-16.59,153.4642,no encontrada,no encontrada,979375.05
Tenerife,20936069,28.392777777777777,-16.591666666666665,147.6776,no encontrada,no encontrada,979376.23
Tenerife,20936070,28.39527777777778,-16.59472222222222,126.3895,no encontrada,no encontrada,979379.1
Tenerife,20936071,28.39527777777778,-16.594444444444445,125.1882,no encontrada,no encontrada,979379.52
Tenerife,20936072,28.39472222222222,-16.595,123.3061,171509,no encontrada,979379.68
Tenerife,20936073,28.394166666666667,-16.596666666666664,94.5333,no encontrada,no encontrada,979383.67
Tenerife,20936074,28.391666666666666,-16.605555555555558,86.2812,132716,0.05,979381.15
Tenerife,20936075,28.3925,-16.611111111111114,89.1291,135387,0.05,979379.88
Tenerife,20936076,28.393055555555556,-16.616388888888892,91.3484,no encontrada,no encontrada,979378.48
Tenerife,20936077,28.393055555555556,-16.616666666666667,91.5427,no encontrada,no encontrada,979378.25
Tenerife,20936078,28.392222222222223,-16.622777777777777,106.5871,no encontrada,no encontrada,979376.9
Tenerife,20936079,28.3925,-16.62777777777778,111.083,157434,0.05,979375.96
Tenerife,20936080,28.39388888888889,-16.633333333333333,78.8826,125128,0.05,979382.75
Tenerife,20936081,28.393055555555556,-16.639444444444443,69.0994,113891,no encontrada,979385.12
Tenerife,20936082,28.393055555555556,-16.639722222222222,68.4495,no encontrada,no encontrada,979385.56
Tenerife,20936083,28.39361111111111,-16.645555555555553,66.9423,no encontrada,no encontrada,979386.67
Tenerife,20936084,28.39388888888889,-16.641666666666666,76.153,no encontrada,no encontrada,979385.8
Tenerife,20936085,28.394444444444446,-16.654166666666665,66.5136,112571,0.05,979388.24
Tenerife,20936086,28.39361111111111,-16.659444444444443,112.6902,no encontrada,no encontrada,979379.48
Tenerife,20936087,28.391111111111112,-16.660555555555554,117.69,no encontrada,no encontrada,979378.25
Tenerife,20936088,28.39,-16.66361111111111,118.1145,no encontrada,no encontrada,979378.16
Tenerife,20936089,28.38861111111111,-16.66722222222222,150.2055,no encontrada,no encontrada,979372.14
Tenerife,20936090,28.388333333333332,-16.671111111111113,167.8834,no encontrada,no encontrada,979369.26
Tenerife,20936091,28.38888888888889,-16.675,191.8795,no encontrada,no encontrada,979364.24
Tenerife,20936092,28.385555555555555,-16.676944444444445,203.8926,no encontrada,no encontrada,979362.81
Tenerife,20936093,28.383888888888887,-16.677222222222223,204.6539,250517,no encontrada,979362.7
Tenerife,20936094,28.380555555555556,-16.68027777777778,216.5714,no encontrada,no encontrada,979360.45
Tenerife,20936095,28.380555555555556,-16.685277777777777,221.0314,267372,0.05,979360.03
Tenerife,20937030,28.36888888888889,-16.463055555555556,1738.1015,1955473,0.05,979030.04
Tenerife,20937031,28.37361111111111,-16.459166666666665,1838.1999,1884231,no encontrada,979008.06
Tenerife,20937033,28.36916666666667,-16.462777777777777,1908.8394,no encontrada,no encontrada,978991.46
Tenerife,20937034,28.361944444444447,-16.46638888888889,1960.8216,2007558,0.05,978978.36
Tenerife,20937035,28.35527777777778,-16.46861111111111,2001.8104,2048637,0.05,978968.13
Tenerife,20937036,28.35138888888889,-16.476388888888888,1962.403,2011645,no encontrada,978982.02
Tenerife,20937037,28.34361111111111,-16.48222222222222,1995.7594,2042818,0.05,978978.55
Tenerife,20937039,28.33722222222222,-16.486666666666668,2059.4669,2106618,0.05,978964.69
Tenerife,20937040,28.334722222222222,-16.489166666666666,2141.6602,2188819,0.05,978942.19
Tenerife,20937041,28.328888888888887,-16.490555555555556,2201.0168,2248235,0.05,978929.78
Tenerife,20937042,28.322777777777777,-16.491111111111113,2227.8271,2274862,0.05,978923.09
Tenerife,20937043,28.316111111111113,-16.496111111111112,2190.428,2237821,0.05,978940.42
Tenerife,20937044,28.311944444444446,-16.501944444444444,2239.1301,2286391,0.05,978928.67
Tenerife,20937045,28.304166666666667,-16.51,2294.6887,2342203,0.05,978917.96
Tenerife,20937047,28.302500000000002,-16.52027777777778,2298.6104,2346010,0.05,978915.97
Tenerife,20937048,28.303611111111113,-16.530277777777776,2238.6139,2286078,0.05,978934.01
Tenerife,20937049,28.308333333333334,-16.53888888888889,2202.8543,2250436,0.05,978942.72
Tenerife,20937050,28.30611111111111,-16.54527777777778,2154.2087,2201838,0.05,978957.11
Tenerife,20937051,28.30611111111111,-16.55388888888889,2107.4635,2155357,0.05,978969.46
Tenerife,30935103,28.304722222222225,-16.383055555555558,78.7004,no encontrada,no encontrada,979380.4
Tenerife,30935104,28.309444444444445,-16.38277777777778,108.992,154701,0.05,979376.3
Tenerife,30935105,28.315555555555555,-16.380555555555556,108.5037,154141,0.05,979376.27
Tenerife,30935106,28.315833333333334,-16.380555555555556,108.503,no encontrada,no encontrada,979376.36
Tenerife,30935107,28.32111111111111,-16.378611111111113,90.1895,no encontrada,no encontrada,979380.8
Tenerife,30935108,28.325833333333332,-16.37666666666667,77.6229,no encontrada,no encontrada,979384.17
Tenerife,30935109,28.33111111111111,-16.37472222222222,58.128,104,no encontrada,979388.59
Tenerife,30935110,28.33111111111111,-16.37472222222222,58.1161,no encontrada,no encontrada,979388.73
Tenerife,30935111,28.33138888888889,-16.37472222222222,58.1908,no encontrada,no encontrada,979388.66
Tenerife,30935151,28.444444444444446,-16.27722222222222,111.7091,no encontrada,no encontrada,979364.81
Tenerife,30935152,28.33861111111111,-16.37388888888889,60.6337,no encontrada,no encontrada,979387.97
Tenerife,30935155,28.35638888888889,-16.372777777777777,41.8074,87410,0.05,979389.23
Tenerife,30935157,28.370833333333334,-16.36722222222222,52.6397,98107,0.05,979385.28
Tenerife,30935159,28.383333333333333,-16.361666666666668,47.4686,93,no encontrada,979385.38
Tenerife,30935161,28.384444444444444,-16.354722222222225,69.9563,no encontrada,no encontrada,979377.35
Tenerife,30935164,28.404166666666665,-16.335555555555555,110.1709,155218,0.05,979368.04
Tenerife,30935166,28.404722222222222,-16.328888888888887,146.8395,no encontrada,no encontrada,979357.81
Tenerife,30935167,28.40833333333333,-16.31833333333333,178.8491,223639,0.05,979348.71
Tenerife,30935170,28.425,-16.303611111111113,175.8554,no encontrada,no encontrada,979351.19
Tenerife,30935172,28.43111111111111,-16.295555555555556,155.8057,200332,0.05,979355.57
Tenerife,30935174,28.43722222222222,-16.280833333333334,84.5148,no encontrada,no encontrada,979366.45
Tenerife,30936002,28.378055555555555,-16.714444444444442,224.0965,225945,0.05,979359.92
Tenerife,30936003,28.37527777777778,-16.70611111111111,236.1486,282116,0.05,979357.19
Tenerife,30936004,28.371111111111112,-16.711111111111112,238.6628,282891,0.05,979357.61
Tenerife,30936008,28.365555555555556,-16.723055555555554,240.3248,286948,0.05,979357.85
Tenerife,30936009,28.365833333333335,-16.72583333333333,280.8691,330282,0.05,979349.3
Tenerife,30936010,28.36777777777778,-16.728888888888886,317.3897,no encontrada,no encontrada,979339.68
Tenerife,30936103,28.36722222222222,-16.72138888888889,232.6313,279058,0.05,979360.12
Tenerife,30936104,28.36722222222222,-16.72138888888889,232.3486,no encontrada,no encontrada,979360.2
Tenerife,30936105,28.366944444444446,-16.721666666666664,232.7473,no encontrada,no encontrada,979360.27
Tenerife,30937054,28.299444444444447,-16.56527777777778,2100.5646,2148528,0.05,978976.11
Tenerife,30937055,28.290833333333335,-16.564722222222223,2136.7444,2184743,0.05,978971.55
Tenerife,30937056,28.290833333333335,-16.564722222222223,2151.1013,2186,no encontrada,978968.55
Tenerife,30937057,28.279166666666665,-16.576944444444443,2197.3895,2248,no encontrada,978955.96
Tenerife,30937058,28.273055555555555,-16.579444444444444,2239.3929,2287326,0.05,978944.62
Tenerife,30937060,28.2675,-16.58611111111111,2287.0807,2335042,0.05,978934.3
Tenerife,30937061,28.260277777777777,-16.59361111111111,2305.6059,2353866,0.05,978928.35
Tenerife,30937062,28.259444444444444,-16.603333333333335,2349.216,2397481,0.05,978915.57
Tenerife,30937063,28.2575,-16.610833333333336,2357.9127,2404,no encontrada,978911.36
Tenerife,30937064,28.255,-16.62138888888889,2309.809,2358396,no encontrada,978921.43
Tenerife,30937066,28.24527777777778,-16.629166666666666,2239.9398,2288224,0.05,978942.2
Tenerife,30937067,28.236666666666668,-16.629722222222224,2186.4568,2231605,0.05,978960.65
Tenerife,30937068,28.223611111111108,-16.628055555555555,2146.2283,2194420,0.05,978972.6
Tenerife,30937070,28.223333333333333,-16.628611111111113,2141.0992,2189338,0.05,978974.03
Tenerife,30937071,28.220555555555553,-16.62777777777778,2121.0743,2169277,0.05,978979.04
Tenerife,30937072,28.217499999999998,-16.62638888888889,2104.9941,2153135,no encontrada,978981.37
Tenerife,30937073,28.210833333333333,-16.634999999999998,2021.4351,2069,no encontrada,979001.56
Tenerife,30937074,28.210555555555555,-16.649722222222223,2011.3362,2059960,0.05,979005.65
Tenerife,30937075,28.21361111111111,-16.66361111111111,2024.1166,2072248,0.05,979004.47
Tenerife,40936112,28.366944444444446,-16.740277777777777,402.8399,446496,no encontrada,979321.19
Tenerife,40936113,28.366388888888892,-16.74138888888889,438.5764,no encontrada,no encontrada,979312.64
Tenerife,40936114,28.366388888888892,-16.745555555555555,438.4494,no encontrada,no encontrada,979312.63
Tenerife,40936115,28.365000000000002,-16.74638888888889,437.177,no encontrada,no encontrada,979313.09
Tenerife,40936116,28.364444444444445,-16.748611111111114,468.1751,514557,0.05,979307.64
Tenerife,40936117,28.36388888888889,-16.749444444444446,482.8249,no encontrada,no encontrada,979306.77
Tenerife,40936118,28.363333333333333,-16.751666666666665,498.992,no encontrada,no encontrada,979303.22
Tenerife,40936119,28.363333333333333,-16.753611111111113,528.7357,no encontrada,no encontrada,979296.92
Tenerife,40936120,28.363333333333333,-16.75861111111111,529.6106,no encontrada,no encontrada,979297.39
Tenerife,40936121,28.362222222222222,-16.761666666666667,557.916,no encontrada,no encontrada,979293.47
Tenerife,40936122,28.360555555555557,-16.766944444444444,582.4004,no encontrada,no encontrada,979290.59
Tenerife,40936123,28.35777777777778,-16.774166666666666,604.4327,no encontrada,no encontrada,979287.73
Tenerife,40936124,28.35611111111111,-16.779166666666665,618.7283,no encontrada,no encontrada,979285.55
Tenerife,40936125,28.355555555555558,-16.78333333333333,619.8572,no encontrada,no encontrada,979285.23
Tenerife,40936126,28.355555555555558,-16.783333333333335,620.5147,666800,0.05,979285.04
Tenerife,40936127,28.353055555555557,-16.78222222222222,658.1828,704510,0.05,979277.55
Tenerife,40936128,28.351944444444445,-16.78111111111111,687.5309,no encontrada,no encontrada,979271.45
Tenerife,40936129,28.351111111111113,-16.784166666666668,722.588,no encontrada,no encontrada,979264.59
Tenerife,40936130,28.348333333333333,-16.790833333333335,752.2784,no encontrada,no encontrada,979259.19
Tenerife,40936131,28.34611111111111,-16.7875,753.5421,no encontrada,no encontrada,979258.67
Tenerife,40936132,28.343333333333334,-16.79277777777778,789.6542,no encontrada,no encontrada,979251.3
Tenerife,40936133,28.343055555555555,-16.7875,817.8563,no encontrada,no encontrada,979246.73
Tenerife,40936134,28.342777777777776,-16.78805555555556,849.8714,895,no encontrada,979239.07
Tenerife,40936135,28.353055555555557,-16.78222222222222,876.775,no encontrada,no encontrada,979234.69
Tenerife,40936136,28.3375,-16.793055555555558,889.4067,no encontrada,no encontrada,979233.45
Tenerife,40936137,28.3375,-16.793055555555558,891.7219,no encontrada,no encontrada,979233.11
Tenerife,40936138,28.3375,-16.793055555555558,893.2334,no encontrada,no encontrada,979232.99
Tenerife,40936139,28.334722222222222,-16.797777777777778,920.7821,no encontrada,no encontrada,979229.2
Tenerife,40936140,28.334444444444443,-16.799444444444447,962.6004,no encontrada,no encontrada,979222.28
Tenerife,40936141,28.328611111111112,-16.802777777777777,995.2801,1045,no encontrada,979215.63
Tenerife,40936142,28.325555555555557,-16.80666666666667,1011.835,1058485,0.05,979214.05
Tenerife,40936143,28.321666666666665,-16.80777777777778,1035.5751,no encontrada,no encontrada,979209.24
Tenerife,50936002,28.3125,-16.80666666666667,1089.9759,1136758,0.05,979199.07
Tenerife,50936003,28.307222222222222,-16.810833333333335,1028.2186,1074354,0.05,979211.97
Tenerife,50936004,28.304444444444446,-16.81277777777778,971.6587,1018391,0.05,979224.26
Tenerife,50936005,28.299166666666668,-16.815555555555555,934.6655,981382,0.05,979231.11
Tenerife,50936006,28.291111111111114,-16.81361111111111,907.7229,954483,0.05,979233.48
Tenerife,50936013,28.275277777777777,-16.801666666666666,1029.413,1076321,0.05,979200.52
Tenerife,50936014,28.27138888888889,-16.805,958.7179,1005561,0.05,979213.97
Tenerife,50936016,28.260555555555555,-16.807222222222222,825.9843,873307,0.05,979239.49
Tenerife,50936157,28.290000000000003,-16.810833333333335,913.3291,960126,0.05,979232.53
Tenerife,50936158,28.288611111111113,-16.805555555555557,946.8798,993733,0.05,979223.86
Tenerife,50936159,28.28527777777778,-16.801944444444445,987.6692,1034577,0.05,979214.26
Tenerife,50936162,28.282777777777778,-16.799444444444447,1028.2327,1075412,0.05,979205.57
Tenerife,50936163,28.280277777777776,-16.798611111111114,1060.1249,1107069,0.05,979196.75
Tenerife,50936167,28.260833333333334,-16.8075,895.5638,872,no encontrada,979225.12
Tenerife,50936171,28.255,-16.807222222222222,787.2151,833939,0.05,979247.24
Tenerife,50936172,28.25138888888889,-16.80388888888889,761.075,807862,0.05,979253.67
Tenerife,50936173,28.247500000000002,-16.8,745.896,792826,0.05,979257.54
Tenerife,50937098,28.144166666666667,-16.64472222222222,1315.4624,1362588,0.05,979138.33
Tenerife,50937099,28.141388888888887,-16.65361111111111,1257.0599,1304011,0.05,979151.6
Tenerife,50937100,28.13361111111111,-16.65138888888889,1221.14,1267955,0.05,979155.84
Tenerife,50937101,28.12638888888889,-16.65722222222222,1181.9852,1228579,0.05,979161.2
Tenerife,50937102,28.125555555555557,-16.66583333333333,1106.4274,1159,no encontrada,979179.65
Tenerife,50937104,28.119444444444444,-16.665555555555553,1044.7602,1091353,0.05,979190.01
Tenerife,50937105,28.111944444444447,-16.679444444444446,992.0397,no encontrada,no encontrada,979201.69
Tenerife,50937107,28.116944444444446,-16.67666666666667,927.9442,974390,0.05,979218.73
Tenerife,50937108,28.115555555555556,-16.678611111111113,880.1937,926420,0.05,979230.37
Tenerife,50937109,28.114444444444445,-16.68111111111111,820.4011,866672,0.05,979243.23
Tenerife,50937110,28.111111111111114,-16.684166666666666,754.8312,801088,0.05,979255.3
Tenerife,50937111,28.105833333333333,-16.684722222222224,698.8351,744978,0.05,979265.18
Tenerife,50937112,28.1,-16.680833333333336,630.808,676886,no encontrada,979275.68
Tenerife,50937114,28.095277777777778,-16.684166666666666,576.8794,622736,0.05,979285.57
Tenerife,50937115,28.090833333333332,-16.689444444444444,512.4251,558226,0.05,979299.66
Tenerife,50937116,28.086666666666666,-16.69,444.2062,489846,0.05,979312.79
Tenerife,50937118,28.081666666666667,-16.683611111111112,373.8901,419429,0.05,979326.25
Tenerife,50937119,28.077222222222222,-16.68611111111111,315.8931,361233,0.05,979337.32
Tenerife,50937120,28.072222222222223,-16.69638888888889,236.3628,284179,no encontrada,979352.35
Tenerife,50937121,28.07,-16.70888888888889,155.7811,200873,0.05,979365.39
