,Unnamed: 0,latitude,longitude,Easting,Northing,Elevation,Gravity,Param_5,Param_6,Relative_Error,Flag,Gravity_mGal,topo_free_disturbance,height_ell,Station ID
0,0,28.23450226,-16.6298224,340088,3124256,2175.71,35997,20,6100,2.2,0,35.997,50.89007953033529,2223.97,GRA_0
1,1,28.22914896,-16.62919078,340142,3123662,2156.86,37454,20,5870,2.2,0,37.454,52.336786223674416,2205.087,GRA_1
2,2,28.224046,-16.62875665,340177,3123096,2143.85,39611,20,5912,2.2,0,39.611,54.48295229553397,2192.042,GRA_2
3,3,28.22068964,-16.62792113,340254,3122723,2121.4,41007,20,5990,2.2,0,41.007,55.87151877230683,2169.568,GRA_3
4,4,28.217326,-16.62617875,340420,3122348,2102.92,41329,20,6605,2.2,0,41.329,56.18551053666663,2151.062,GRA_4
5,5,28.21326039,-16.62806314,340229,3121900,2068.74,41159,20,7015,2.2,0,41.159,56.0046717540649,2116.847,GRA_5
6,6,28.21149744,-16.63361957,339681,3121712,2024.79,43137,20,6357,2.2,0,43.137,57.98082817502488,2072.891,GRA_6
7,7,28.21110279,-16.63718964,339330,3121673,2010.57,43578,20,6049,2.2,0,43.578,58.42132017720924,2058.669,GRA_7
8,8,28.21009455,-16.64149402,338906,3121567,2012.6,43793,20,5977,2.2,0,43.793,58.63413037782159,2060.692,GRA_8
9,9,28.2097148,-16.64530874,338531,3121530,2011.59,44071,20,5920,2.2,0,44.071,58.91171183117882,2059.68,GRA_9
10,10,28.21119589,-16.65420536,337660,3121706,2024.59,44707,20,5980,2.2,0,44.707,59.550109286187336,2072.688,GRA_10
11,11,28.21193814,-16.6592396,337167,3121795,2034.16,45660,20,6286,2.2,0,45.66,60.50180934190341,2082.254,GRA_11
12,12,28.2139473,-16.66323396,336778,3122023,2030.97,46613,20,6279,2.2,0,46.613,61.45771759427036,2079.073,GRA_12
13,13,28.21510597,-16.66665488,336444,3122156,2024.53,47790,20,6365,2.2,0,47.79,62.63550547290824,2072.636,GRA_13
14,14,28.21546162,-16.67153053,335966,3122202,2032.71,49217,20,6136,2.2,0,49.217,64.05718061666155,2080.799,GRA_14
15,15,28.24293663,-16.63015445,340068,3125191,2213.09,32645,20,7093,2.2,0,32.645,47.5478664679351,2261.382,GRA_15
16,16,28.24910649,-16.62739457,340348,3125871,2278.19,29833,20,8011,2.2,0,29.833,44.742400431440586,2326.503,GRA_16
17,17,28.25359371,-16.62496561,340593,3126365,2294.48,29270,20,9180,2.2,0,29.27,44.17967080374739,2342.794,GRA_17
18,18,28.25509198,-16.62115597,340969,3126526,2312.06,27981,20,8589,2.2,0,27.981,42.890042650041984,2360.372,GRA_18
19,19,28.2573482,-16.61811193,341271,3126772,2318.53,26981,20,9014,2.2,0,26.981,41.88961489861764,2366.84,GRA_19
20,20,28.25781327,-16.61083115,341986,3126814,2357.75,27092,20,8170,2.2,0,27.092,41.99607590346332,2406.046,GRA_20
21,21,28.25951294,-16.60751344,342314,3126998,2360.3,27457,20,7897,2.2,0,27.457,42.3589260796758,2408.589,GRA_21
22,22,28.25955313,-16.60332475,342725,3126997,2349.01,28027,20,7610,2.2,0,28.027,42.92594554743153,2397.289,GRA_22
23,23,28.26382134,-16.59102411,343938,3127454,2301.73,30213,20,6890,2.2,0,30.213,45.10256048142061,2349.979,GRA_23
24,24,28.26705428,-16.58697428,344340,3127807,2288.73,30419,20,6613,2.2,0,30.419,45.30590193481203,2336.97,GRA_24
25,25,28.26891872,-16.58262875,344769,3128008,2274.47,30611,20,6573,2.2,0,30.611,45.49251848729056,2322.693,GRA_25
26,26,28.27564073,-16.57808961,345224,3128747,2219.18,29871,20,6130,2.2,0,29.871,44.74307115264205,2267.372,GRA_26
27,27,28.27980382,-16.57630571,345405,3129206,2189.96,30998,20,5987,2.2,0,30.998,45.86612200296123,2238.139,GRA_27
28,28,28.28245429,-16.57185886,345845,3129494,2164.06,30865,20,5918,2.2,0,30.865,45.72703641349194,2212.22,GRA_28
29,29,28.28523352,-16.56718938,346307,3129796,2146.89,32111,20,5915,2.2,0,32.111,46.96509960954654,2195.024,GRA_29
30,30,28.28814677,-16.56498899,346527,3130116,2140.6,32856,20,6007,2.2,0,32.856,47.70314872788849,2188.711,GRA_30
31,31,28.29086472,-16.56486561,346543,3130417,2136.72,32272,20,6042,2.2,0,32.272,47.11554231357435,2184.82,GRA_31
32,32,28.2143884,-16.67589484,335536,3122089,2035.14,50504,20,6181,2.2,0,50.504,65.3355431802956,2083.201,GRA_32
33,33,28.2166214,-16.68072856,335065,3122343,2046.19,50886,20,6041,2.2,0,50.886,65.71748012373213,2094.251,GRA_33
34,34,28.22009543,-16.6837072,334778,3122732,2059.67,50644,20,6062,2.2,0,50.644,65.47788612491435,2107.738,GRA_34
35,35,28.2240699,-16.6870811,334453,3123177,2072.8,50777,20,6215,2.2,0,50.777,65.61199812335835,2120.872,GRA_35
36,36,28.23050506,-16.692155,333965,3123897,2091.28,49957,20,6460,2.2,0,49.957,64.79451859391443,2139.36,GRA_36
37,37,28.23364047,-16.69476222,333714,3124248,2087.94,48838,20,6565,2.2,0,48.838,63.67615537292833,2136.022,GRA_37
38,38,28.22104931,-16.67805706,335334,3122830,2045.89,49962,20,5849,2.2,0,49.962,64.80518319670782,2093.988,GRA_38
39,39,28.2246935,-16.67747213,335397,3123233,2063.14,48395,20,5921,2.2,0,48.395,63.245688812118246,2111.263,GRA_39
40,40,28.23100368,-16.67805994,335349,3123933,2093.5,47229,20,6247,2.2,0,47.229,62.090610694147934,2141.658,GRA_40
41,41,28.23481873,-16.67972972,335191,3124358,2126.59,45121,20,6637,2.2,0,45.121,59.98586015798905,2174.759,GRA_41
42,42,28.23849431,-16.67658742,335505,3124761,2184.95,42555,20,7409,2.2,0,42.555,57.426655281988346,2233.141,GRA_42
43,43,28.24188237,-16.67701748,335468,3125137,2248.93,40959,20,8170,2.2,0,40.959,55.83260726524373,2297.127,GRA_43
44,44,28.2446441,-16.67847728,335329,3125445,2302.16,39951,20,8862,2.2,0,39.951,54.82476069204031,2350.358,GRA_44
45,45,28.23695177,-16.67063239,336087,3124582,2211.72,41377,20,7498,2.2,0,41.377,56.25523118884766,2259.932,GRA_45
46,46,28.22705923,-16.67147687,335989,3123487,2067.92,45872,20,6063,2.2,0,45.872,60.73483967346104,2116.082,GRA_46
47,47,28.2175314,-16.69983639,333191,3122470,1936.38,50967,20,7119,2.2,0,50.967,65.76627428690514,1984.336,GRA_47
48,48,28.21878699,-16.70337141,332846,3122614,2001.21,49054,20,7734,2.2,0,49.054,63.84601175054498,2049.143,GRA_48
49,49,28.22182979,-16.69744893,333432,3122943,2064.56,49310,20,7517,2.2,0,49.31,64.12165361786867,2112.556,GRA_49
50,50,28.22546787,-16.69590676,333589,3123344,2064.18,49744,20,6944,2.2,0,49.744,64.56524522241017,2112.207,GRA_50
51,51,28.22983835,-16.69861503,333330,3123832,2061.94,48984,20,6932,2.2,0,48.984,63.80832292348346,2109.977,GRA_51
52,52,28.21298033,-16.68105869,335027,3121940,2046.64,50985,20,6442,2.2,0,50.985,65.80593942681219,2094.666,GRA_52
53,53,28.20617966,-16.68146157,334977,3121187,2093.95,50568,20,7641,2.2,0,50.568,65.3695288752646,2141.913,GRA_53
54,54,28.20574314,-16.67437435,335672,3121129,2161.36,47553,20,7855,2.2,0,47.553,62.36250231982263,2209.349,GRA_54
55,55,28.20115697,-16.67080863,336015,3120616,2196.39,46309,20,8581,2.2,0,46.309,61.11038614254859,2244.353,GRA_55
56,56,28.22149077,-16.62125933,340909,3122803,2138.6,39510,20,6555,2.2,0,39.51,54.372855278238426,2186.762,GRA_56
57,57,28.22569431,-16.61915246,341122,3123266,2210.42,38183,20,6424,2.2,0,38.183,53.05402167832485,2258.609,GRA_57
58,58,28.22449571,-16.6144268,341584,3123127,2195.37,37795,20,6861,2.2,0,37.795,52.6595187598886,2243.538,GRA_58
59,59,28.22420314,-16.61015298,342003,3123089,2198.14,37916,20,6912,2.2,0,37.916,52.77467996867945,2246.289,GRA_59
60,60,28.22361339,-16.60273636,342730,3123014,2169.05,37859,20,6902,2.2,0,37.859,52.70728663164129,2217.165,GRA_60
61,61,28.22519727,-16.59695192,343300,3123182,2172.77,37477,20,6893,2.2,0,37.477,52.32069768493875,2220.87,GRA_61
62,62,28.22763259,-16.59398215,343595,3123448,2178.69,36749,20,6790,2.2,0,36.749,51.59394938251085,2226.794,GRA_62
63,63,28.23228034,-16.58934328,344057,3123957,2141.95,37872,20,6805,2.2,0,37.872,52.721778196748176,2190.07,GRA_63
64,64,28.23494956,-16.58486839,344500,3124247,2121.49,38310,20,7123,2.2,0,38.31,53.15887096608787,2169.607,GRA_64
65,65,28.2391126,-16.58309554,344680,3124706,2080.54,37446,20,6336,2.2,0,37.446,52.299862841216246,2128.673,GRA_65
66,66,28.24214069,-16.57878856,345107,3125036,2099.77,36021,20,6005,2.2,0,36.021,50.87175879949906,2147.893,GRA_66
67,67,28.24311399,-16.57264727,345711,3125136,2090.4,35124,20,6235,2.2,0,35.124,49.96434832904116,2138.489,GRA_67
68,68,28.24468641,-16.5693275,346039,3125306,2083.51,34252,20,6260,2.2,0,34.252,49.0890942692246,2131.589,GRA_68
69,69,28.24693152,-16.5655792,346410,3125550,2067.87,33194,20,6357,2.2,0,33.194,48.0281498876745,2115.939,GRA_69
70,70,28.25013763,-16.56065228,346898,3125899,2062.58,31561,20,6772,2.2,0,31.561,46.390328108804844,2110.634,GRA_70
71,71,28.2526325,-16.55714166,347246,3126171,2046.48,30796,20,6309,2.2,0,30.796,45.61972616886106,2094.515,GRA_71
72,72,28.25630935,-16.55523809,347438,3126576,2047.09,31029,20,6429,2.2,0,31.029,45.85259310595091,2095.125,GRA_72
73,73,28.2606362,-16.55410831,347555,3127054,2046.44,31389,20,6324,2.2,0,31.389,46.21524511270942,2094.484,GRA_73
74,74,28.26492289,-16.55412974,347559,3127529,2051.76,30690,20,6282,2.2,0,30.69,45.52145431904059,2099.82,GRA_74
75,75,28.26889077,-16.55202621,347771,3127966,2068.19,31400,20,5997,2.2,0,31.4,46.22958180151504,2116.244,GRA_75
76,76,28.27313142,-16.55053814,347923,3128434,2080.49,32551,20,6112,2.2,0,32.551,47.378359141775846,2128.537,GRA_76
77,77,28.27691334,-16.55209154,347776,3128855,2087.93,33644,20,6105,2.2,0,33.644,48.47482457545635,2135.988,GRA_77
78,78,28.28061595,-16.55506102,347490,3129269,2082.8,32975,20,5894,2.2,0,32.975,47.81146598852561,2130.877,GRA_78
79,79,28.28376391,-16.55759443,347246,3129621,2087.11,33099,20,5747,2.2,0,33.099,47.93941416804799,2135.199,GRA_79
80,80,28.28826546,-16.56013753,347003,3130123,2094.19,33324,20,5800,2.2,0,33.324,48.16344630935687,2142.276,GRA_80
81,81,28.29263233,-16.56103731,346921,3130608,2092.75,30523,20,5982,2.2,0,30.523,45.358733390883046,2140.824,GRA_81
82,82,28.29656258,-16.56065621,346964,3131043,2097.5,28935,20,6423,2.2,0,28.935,43.76560788658991,2145.558,GRA_82
83,83,28.29968408,-16.56154811,346881,3131390,2077.8,29186,20,6417,2.2,0,29.186,44.01414120904632,2125.85,GRA_83
84,84,28.19832151,-16.67315844,335780,3120305,2201.54,46225,20,8599,2.2,0,46.225,61.013911429600576,2249.463,GRA_84
85,85,28.19546297,-16.67075061,336012,3119985,2189.69,46746,20,8648,2.2,0,46.746,61.52744666881208,2237.588,GRA_85
86,86,28.19578843,-16.66626335,336453,3120015,2156.32,45075,20,8394,2.2,0,45.075,59.86315032320719,2204.24,GRA_86
87,87,28.19132622,-16.6673248,336342,3119522,2123.2,46593,20,8029,2.2,0,46.593,61.36356793146391,2171.063,GRA_87
88,88,28.19035124,-16.66215547,336848,3119407,2089.87,47503,20,7529,2.2,0,47.503,62.272832692503584,2137.731,GRA_88
89,89,28.18754761,-16.66115462,336942,3119095,2067.43,46741,20,7804,2.2,0,46.741,61.50072731268469,2115.258,GRA_89
90,90,28.1888354,-16.65691676,337360,3119232,2033.77,45524,20,7670,2.2,0,45.524,60.29040338816727,2081.62,GRA_90
91,91,28.2497162,-16.61937259,341136,3125928,2259.74,30452,20,7138,2.2,0,30.452,45.36060707521119,2308.05,GRA_91
92,92,28.24602419,-16.61333433,341723,3125511,2246.54,32553,20,6418,2.2,0,32.553,47.453079948510776,2294.823,GRA_92
93,93,28.23782666,-16.60667863,342364,3124594,2198.03,34383,20,5873,2.2,0,34.383,49.26508985795684,2246.255,GRA_93
94,94,28.2343661,-16.60624973,342401,3124210,2210.13,35883,20,5930,2.2,0,35.883,50.75974909535406,2258.337,GRA_94
95,95,28.22738697,-16.61032305,341991,3123442,2212.09,38166,20,6303,2.2,0,38.166,53.03218473739696,2260.263,GRA_95
96,96,28.23311543,-16.60130903,342884,3124065,2192.76,36906,20,5951,2.2,0,36.906,51.775280969507605,2240.943,GRA_96
97,97,28.25863914,-16.59350555,343687,3126883,2282.87,30407,20,6604,2.2,0,30.407,45.29664323672157,2331.119,GRA_97
98,98,28.2572387,-16.58898972,344128,3126722,2229.78,31576,20,6125,2.2,0,31.576,46.46036998358291,2278.012,GRA_98
99,99,28.29676543,-16.56579825,346460,3131072,2126.83,30404,20,6246,2.2,0,30.404,45.241406296960605,2174.91,GRA_99
100,100,28.30346138,-16.56742588,346310,3131816,2060.18,25724,20,6379,2.2,0,25.724,40.5499331421364,2108.223,GRA_100
101,101,28.30787279,-16.5660119,346455,3132303,2020.84,24529,20,6660,2.2,0,24.529,39.34225969838024,2068.841,GRA_101
102,102,28.31251359,-16.56898634,346170,3132821,1947.29,23088,20,6717,2.2,0,23.088,37.89103691960131,1995.258,GRA_102
103,103,28.31444181,-16.57630639,345455,3133044,1898.05,22692,20,6545,2.2,0,22.692,37.4930118416797,1946.012,GRA_103
104,104,28.31954253,-16.57616746,345476,3133609,1837.3,20700,20,6943,2.2,0,20.7,35.483459462047314,1885.205,GRA_104
105,105,28.32248973,-16.57885248,345217,3133939,1793.97,19520,20,7377,2.2,0,19.52,34.29257011443204,1841.84,GRA_105
106,106,28.32566055,-16.58403978,344713,3134297,1749.67,19125,20,8508,2.2,0,19.125,33.88553185970912,1797.501,GRA_106
107,107,28.33344364,-16.58761303,344374,3135164,1638.44,14994,20,9216,2.2,0,14.994,29.721351439425757,1686.163,GRA_107
108,108,28.33926987,-16.5902702,344122,3135813,1578.92,11430,20,9544,2.2,0,11.43,26.127414412818894,1626.546,GRA_108
109,109,28.34443414,-16.59241795,343919,3136388,1592.27,8120,20,10522,2.2,0,8.12,22.790431713899327,1639.809,GRA_109
110,110,28.31399192,-16.59173978,343941,3133014,2084.93,20505,20,7946,2.2,0,20.505,35.30923706790042,2132.902,GRA_110
111,111,28.31791344,-16.58978908,344138,3133446,2068.32,18561,20,8443,2.2,0,18.561,33.35200644522162,2116.249,GRA_111
112,112,28.32168877,-16.58643883,344472,3133860,2041.37,17992,20,10130,2.2,0,17.992,32.76816410933159,2089.251,GRA_112
113,113,28.32448983,-16.58770432,344352,3134172,1996.81,16468,20,10077,2.2,0,16.468,31.23231291316411,2044.653,GRA_113
114,114,28.32930048,-16.58922417,344210,3134707,1895.69,14647,20,9990,2.2,0,14.647,29.39098819916997,1943.467,GRA_114
115,115,28.21573527,-16.63545691,339507,3122184,2012.1,43200,20,5679,2.2,0,43.2,58.05672326324584,2060.242,GRA_115
116,116,28.21940642,-16.63562494,339496,3122591,2013.86,42100,20,5680,2.2,0,42.1,56.96502418334202,2062.029,GRA_116
117,117,28.21817241,-16.63919262,339144,3122459,2009.9,42558,20,5563,2.2,0,42.558,57.42114324946558,2058.063,GRA_117
118,118,28.31147073,-16.59742326,343380,3132742,2037.36,23281,20,6985,2.2,0,23.281,38.09278075976251,2085.357,GRA_118
119,119,28.31118056,-16.58903627,344202,3132699,2057.73,25701,20,8309,2.2,0,25.701,40.51426214499871,2105.731,GRA_119
120,120,28.30718174,-16.58288891,344799,3132248,2072.19,25898,20,6652,2.2,0,25.898,40.72321162713264,2120.23,GRA_120
121,121,28.30527707,-16.57902651,345175,3132032,2050.28,27568,20,6346,2.2,0,27.568,42.39642768450888,2098.331,GRA_121
122,122,28.30184463,-16.57537627,345528,3131647,2076.52,28920,20,6252,2.2,0,28.92,43.75571404951553,2124.594,GRA_122
123,123,28.24747916,-16.55476341,347472,3125597,2288.54,26207,20,8793,2.2,0,26.207,41.01573941854373,2336.527,GRA_123
124,124,28.25385428,-16.55128853,347822,3126299,2280.9,24883,20,8796,2.2,0,24.883,39.69452805641406,2328.896,GRA_124
125,125,28.25972032,-16.54892713,348062,3126946,2307.59,24664,20,8785,2.2,0,24.664,39.47719312834501,2355.591,GRA_125
126,126,28.26773425,-16.54497569,348461,3127829,2272.99,25287,20,7714,2.2,0,25.287,40.09943584432014,2320.989,GRA_126
127,127,28.27743886,-16.54314814,348654,3128902,2291.9,26197,20,7559,2.2,0,26.197,41.00801654951573,2339.894,GRA_127
128,128,28.28714849,-16.53767031,349205,3129971,2312.05,26195,20,7860,2.2,0,26.195,40.99334741450154,2360.003,GRA_128
129,129,28.29863836,-16.5351843,349465,3131241,2268.48,24313,20,7993,2.2,0,24.313,39.09917904194836,2316.394,GRA_129
130,130,28.30675,-16.53615737,349381,3132141,2214.61,22426,20,8569,2.2,0,22.426,37.20024665198433,2262.485,GRA_130
131,131,28.27029155,-16.61721675,341378,3128205,2723.71,20439,20,13019,2.2,0,20.439,35.342744834589084,2772.005,GRA_131
132,132,28.275876,-16.61204077,341894,3128817,2568.01,21459,20,11264,2.2,0,21.459,36.35390600021081,2616.276,GRA_132
133,133,28.26520193,-16.59723207,343331,3127615,2458.63,27142,20,8542,2.2,0,27.142,42.038057645136846,2506.9,GRA_133
134,134,28.2818267,-16.74610068,328753,3129659,1651.16,22941,20,5254,2.2,0,22.941,37.63417922147614,1698.772,GRA_134
135,135,28.29102196,-16.74263135,329108,3130673,1609.74,20432,20,5210,2.2,0,20.432,35.1170131254875,1657.326,GRA_135
136,136,28.29609479,-16.74043009,329332,3131232,1591.96,21081,20,4910,2.2,0,21.081,35.7607475387089,1639.529,GRA_136
137,137,28.30298751,-16.73207903,330162,3131984,1536.41,20519,20,4922,2.2,0,20.519,35.20114781336774,1583.987,GRA_137
138,138,28.30783933,-16.72450976,330912,3132511,1548.5,18915,20,5370,2.2,0,18.915,33.59706870611934,1596.076,GRA_138
139,139,28.30800646,-16.71626291,331721,3132518,1557.43,19801,20,5796,2.2,0,19.801,34.49997488773484,1605.061,GRA_139
140,140,28.30638614,-16.70874204,332456,3132328,1588.73,20031,20,5888,2.2,0,20.031,34.74994082806279,1636.426,GRA_140
141,141,28.30780129,-16.70093319,333224,3132474,1602.67,19734,20,6378,2.2,0,19.734,34.462264362884675,1650.396,GRA_141
142,142,28.31028859,-16.69613915,333698,3132743,1583.87,18378,20,6725,2.2,0,18.378,33.1043244769622,1631.59,GRA_142
143,143,28.31107098,-16.67884624,335395,3132806,1537.8,18798,20,6610,2.2,0,18.798,33.5473816879272,1585.594,GRA_143
144,144,28.29067792,-16.6822781,335027,3130551,1984.38,26328,20,8727,2.2,0,26.328,41.14337054637213,2032.388,GRA_144
145,145,28.29264148,-16.67892396,335359,3130764,1912.43,25959,20,8787,2.2,0,25.959,40.77326424833511,1960.435,GRA_145
146,146,28.30132299,-16.67968225,335298,3131727,1690.31,23450,20,7297,2.2,0,23.45,38.23750814796747,1738.228,GRA_146
147,147,28.30895701,-16.66798336,336457,3132557,1528.08,20949,20,7227,2.2,0,20.949,35.722047827491394,1575.951,GRA_147
148,148,28.31341618,-16.66050651,337197,3133041,1513.53,19884,20,7091,2.2,0,19.884,34.64724961654429,1561.369,GRA_148
149,149,28.31580873,-16.650009,338230,3133292,1525.85,18448,20,7154,2.2,0,18.448,33.21166500784859,1573.691,GRA_149
150,150,28.31778912,-16.6361902,339588,3133493,1619.53,17951,20,7318,2.2,0,17.951,32.71892646912257,1667.385,GRA_150
151,151,28.32016919,-16.62809834,340385,3133746,1645.46,17239,20,7103,2.2,0,17.239,32.002635051756286,1693.301,GRA_151
152,152,28.32520249,-16.61997494,341189,3134293,1601.61,16006,20,6983,2.2,0,16.006,30.75341585456293,1649.398,GRA_152
153,153,28.3151943,-16.60619841,342525,3133166,1994.8,19168,20,8043,2.2,0,19.168,33.96499676976978,2042.749,GRA_153
154,154,28.32217394,-16.60897543,342263,3133943,1828.21,17362,20,7649,2.2,0,17.362,32.128956993789274,1876.061,GRA_154
155,155,28.23691421,-16.69712721,333487,3124614,2083.82,47598,20,6666,2.2,0,47.598,62.43420114255253,2131.896,GRA_155
156,156,28.23937418,-16.69961192,333247,3124890,2088.61,45977,20,6808,2.2,0,45.977,60.81042251759944,2136.677,GRA_156
157,157,28.24123921,-16.70203635,333012,3125100,2086.41,44454,20,6993,2.2,0,44.454,59.2829854470564,2134.462,GRA_157
158,158,28.24386645,-16.70412649,332811,3125394,2065.42,42759,20,6945,2.2,0,42.759,57.584817180337694,2113.462,GRA_158
159,159,28.24676942,-16.70581347,332650,3125718,2043.98,41476,20,6889,2.2,0,41.476,56.29997908016846,2092.016,GRA_159
160,160,28.25325367,-16.71195037,332058,3126445,1989.16,37562,20,6825,2.2,0,37.562,52.37260338747155,2037.153,GRA_160
161,161,28.25608245,-16.71522652,331741,3126763,1961.92,35862,20,6698,2.2,0,35.862,50.6636697897502,2009.884,GRA_161
162,162,28.26899481,-16.74954062,328395,3128242,1587.98,24176,20,5096,2.2,0,24.176,38.87088360514704,1635.598,GRA_162
163,163,28.24995102,-16.62392175,340690,3125960,2314.96,28221,20,7967,2.2,0,28.221,43.13074934827995,2363.274,GRA_163
164,164,28.25964862,-16.59671096,343374,3126999,2309.99,28199,20,6979,2.2,0,28.199,43.09230729818289,2358.251,GRA_164
165,165,28.27062757,-16.73473564,329850,3128402,1748.19,27765,20,5535,2.2,0,27.765,42.50639567031776,1795.959,GRA_165
166,166,28.26779026,-16.73217192,330097,3128084,1785.82,28425,20,5883,2.2,0,28.425,43.17763410808846,1833.625,GRA_166
167,167,28.26479153,-16.72667012,330632,3127744,1860.76,29440,20,6173,2.2,0,29.44,44.208629960103806,1908.617,GRA_167
168,168,28.27203196,-16.74209788,329130,3128568,1668.15,25341,20,5172,2.2,0,25.341,40.05695936671808,1715.836,GRA_168
169,169,28.26760094,-16.74492068,328846,3128081,1615.25,26429,20,5107,2.2,0,26.429,41.14049008303663,1662.922,GRA_169
170,170,28.27681733,-16.73198157,330130,3129084,1775.92,26383,20,5505,2.2,0,26.383,41.12442742386154,1823.689,GRA_170
171,171,28.24251579,-16.69880569,333331,3125237,2096.35,45812,20,6955,2.2,0,45.812,60.64924216557556,2144.429,GRA_171
172,172,28.21393737,-16.6521386,337867,3122007,2036.29,44579,20,5681,2.2,0,44.579,59.43157112098202,2084.419,GRA_172
173,173,28.29838828,-16.57926128,345142,3131269,2120.63,30537,20,6251,2.2,0,30.537,45.38327020481008,2168.738,GRA_173
174,174,28.29543719,-16.58159346,344909,3130945,2145.24,29641,20,6277,2.2,0,29.641,44.49388480520791,2193.37,GRA_174
175,175,28.29232484,-16.58459608,344610,3130604,2178.54,29513,20,6335,2.2,0,29.513,44.37298552318533,2226.693,GRA_175
176,176,28.28921112,-16.58693578,344376,3130262,2192.17,29534,20,6340,2.2,0,29.534,44.40025575638828,2240.343,GRA_176
177,177,28.28699556,-16.59042039,344031,3130021,2216.11,28734,20,6495,2.2,0,28.734,43.60577720276189,2264.301,GRA_177
178,178,28.28433802,-16.59310304,343764,3129730,2245.84,27671,20,6789,2.2,0,27.671,42.54905454097819,2294.051,GRA_178
179,179,28.28057076,-16.59883769,343196,3129320,2329.97,25576,20,7502,2.2,0,25.576,40.46161844967048,2378.206,GRA_179
180,180,28.27830429,-16.60278997,342805,3129074,2380.82,24041,20,8131,2.2,0,24.041,38.9302619422111,2429.068,GRA_180
181,181,28.27724261,-16.60635238,342454,3128961,2439.91,22724,20,9015,2.2,0,22.724,37.61545226722686,2488.165,GRA_181
182,182,28.2796013,-16.60991519,342108,3129227,2442.48,21981,20,9744,2.2,0,21.981,36.8708907249912,2490.73,GRA_182
183,183,28.27412044,-16.6070803,342378,3128616,2499.83,23329,20,9632,2.2,0,23.329,38.22406718620893,2548.097,GRA_183
184,184,28.27058333,-16.60548791,342529,3128222,2465.51,24245,20,9120,2.2,0,24.245,39.14315233492225,2513.787,GRA_184
185,185,28.26641725,-16.60288725,342778,3127757,2434.17,26351,20,8302,2.2,0,26.351,41.251735002608086,2482.455,GRA_185
186,186,28.24180615,-16.63639462,339454,3125074,2273.38,33892,20,7664,2.2,0,33.892,48.793872329280326,2321.669,GRA_186
187,187,28.24120673,-16.64122623,338979,3125014,2355.16,33365,20,8436,2.2,0,33.365,48.26540189150283,2403.444,GRA_187
188,188,28.23488529,-16.63628899,339454,3124307,2180.57,36628,20,6560,2.2,0,36.628,51.522657760328606,2228.835,GRA_188
189,189,28.23208344,-16.63663347,339416,3123997,2166.19,37472,20,6270,2.2,0,37.472,52.36253557003061,2214.442,GRA_189
190,190,28.17534914,-16.64067798,338934,3117716,1694.63,44510,20,6049,2.2,0,44.51,59.21848176334851,1742.292,GRA_190
191,191,28.16946965,-16.632726,339706,3117054,1624.67,39097,20,5920,2.2,0,39.097,53.77449132591419,1672.232,GRA_191
192,192,28.17237214,-16.62391968,340575,3117364,1678.29,37925,20,5797,2.2,0,37.925,52.60668059377453,1725.865,GRA_192
193,193,28.17518442,-16.62117152,340849,3117672,1685.16,39595,20,6731,2.2,0,39.595,54.2871661065445,1732.769,GRA_193
194,194,28.16969663,-16.61969351,340986,3117062,1673.63,34472,20,5563,2.2,0,34.472,49.13610513041811,1721.148,GRA_194
195,195,28.17435102,-16.61379535,341572,3117570,1744.35,35632,20,5668,2.2,0,35.632,50.31036430003496,1791.914,GRA_195
196,196,28.26997617,-16.64063744,339080,3128201,3547.89,13164,20,31379,2.2,0,13.164,28.063505946959754,3596.171,GRA_196
197,197,28.26984287,-16.64496776,338655,3128192,3503.3,13361,20,29602,2.2,0,13.361,28.258298088410385,3551.574,GRA_197
198,198,28.2685958,-16.64809845,338346,3128058,3397.8,16148,20,25991,2.2,0,16.148,31.04540633753654,3446.074,GRA_198
199,199,28.26635353,-16.65142777,338016,3127814,3292.28,18697,20,23271,2.2,0,18.697,33.59526609893932,3340.557,GRA_199
200,200,28.26578825,-16.6548848,337676,3127756,3191.48,22268,20,20772,2.2,0,22.268,37.16391496491777,3239.749,GRA_200
201,201,28.26205298,-16.66149331,337022,3127351,3054.31,25988,20,17828,2.2,0,25.988,40.88040360289092,3102.568,GRA_201
202,202,28.2565077,-16.67218073,335965,3126751,2885.18,27906,20,17232,2.2,0,27.906,42.7890800502639,2933.408,GRA_202
203,203,28.25350989,-16.67819827,335370,3126427,2639.5,31085,20,13413,2.2,0,31.085,45.96133981145854,2687.706,GRA_203
204,204,28.2506797,-16.68597109,334603,3126124,2355.64,39423,20,9548,2.2,0,39.423,54.289191950962405,2403.813,GRA_204
205,205,28.27981376,-16.61485268,341624,3129257,2567.75,21549,20,12790,2.2,0,21.549,36.43994742804455,2616.003,GRA_205
206,206,28.28337247,-16.61765907,341354,3129655,2575.92,21866,20,13896,2.2,0,21.866,36.75258498352129,2624.159,GRA_206
207,207,28.28751593,-16.62061725,341070,3130118,2535.03,21143,20,14499,2.2,0,21.143,36.01888073057619,2583.234,GRA_207
208,208,28.28957356,-16.62290168,340849,3130349,2499.41,20545,20,14465,2.2,0,20.545,35.41525630850623,2547.596,GRA_208
209,209,28.29244214,-16.61921345,341215,3130662,2300.42,20658,20,10601,2.2,0,20.658,35.522208917090644,2348.587,GRA_209
210,210,28.29477642,-16.61643463,341491,3130917,2240.13,21755,20,9277,2.2,0,21.755,36.61433552782013,2288.281,GRA_210
211,211,28.29761572,-16.61368369,341765,3131228,2177.4,23481,20,8344,2.2,0,23.481,38.333879453039486,2225.53,GRA_211
212,212,28.30057101,-16.60721252,342404,3131547,2108.42,25232,20,7176,2.2,0,25.232,40.07854754951076,2156.529,GRA_212
213,213,28.30040225,-16.60083697,343029,3131520,2117.47,26404,20,6803,2.2,0,26.404,41.252332328692056,2165.585,GRA_213
214,214,28.30022625,-16.5958277,343520,3131494,2136.4,26999,20,6730,2.2,0,26.999,41.84732616662633,2184.515,GRA_214
215,215,28.21681328,-16.62147394,340881,3122285,2225.57,38884,20,7638,2.2,0,38.884,53.73681983726526,2273.7,GRA_215
216,216,28.21353751,-16.6191626,341103,3121919,2420.93,37356,20,10311,2.2,0,37.356,52.19696247328212,2469.021,GRA_216
217,217,28.2105006,-16.61878058,341136,3121582,2326.47,38276,20,9183,2.2,0,38.276,53.10674468753383,2374.528,GRA_217
218,218,28.21427844,-16.61527156,341486,3121996,2544.51,33479,20,13207,2.2,0,33.479,48.31902675712611,2592.598,GRA_218
219,219,28.21678089,-16.61199785,341811,3122269,2718.38,31924,20,18651,2.2,0,31.924,46.76804006883299,2766.481,GRA_219
220,220,28.21134859,-16.61422901,341584,3121670,2604.99,33355,20,14580,2.2,0,33.355,48.18380365044632,2653.042,GRA_220
221,221,28.20755523,-16.61217513,341780,3121247,2528.23,32874,20,13338,2.2,0,32.874,47.68718817186471,2576.231,GRA_221
222,222,28.21649715,-16.60773467,342229,3122232,2612.35,32869,20,14405,2.2,0,32.869,47.70667298319587,2660.431,GRA_222
223,223,28.21767533,-16.60116008,342876,3122354,2393.16,35888,20,9997,2.2,0,35.888,50.72014831172119,2441.223,GRA_223
224,224,28.2927012,-16.73407393,329950,3130847,1663.12,21369,20,5227,2.2,0,21.369,36.073888565133984,1710.77,GRA_224
225,225,28.29467773,-16.73050682,330303,3131061,1684.59,21863,20,5293,2.2,0,21.863,36.57178525610517,1732.253,GRA_225
226,226,28.29007832,-16.7295454,330390,3130550,1724.31,24774,20,5457,2.2,0,24.774,39.49649348855385,1772.017,GRA_226
227,227,28.28687539,-16.72591512,330741,3130190,1777.82,25298,20,5660,2.2,0,25.298,40.03759764130987,1825.583,GRA_227
228,228,28.28504274,-16.72096137,331224,3129980,1830.69,28635,20,5859,2.2,0,28.635,43.39196418642067,1878.509,GRA_228
229,229,28.257669,-16.69730302,333502,3126914,2215.91,37418,20,8160,2.2,0,37.418,52.260497907136426,2264.006,GRA_229
230,230,28.2557626,-16.70038146,333197,3126707,2185.17,37566,20,7873,2.2,0,37.566,52.403521779932085,2233.25,GRA_230
231,231,28.25426636,-16.70385362,332854,3126546,2129.03,37492,20,7705,2.2,0,37.492,52.321718044648456,2177.085,GRA_231
232,232,28.25108812,-16.70542358,332695,3126196,2065.97,40501,20,7159,2.2,0,40.501,55.328115987057615,2114.016,GRA_232
233,233,28.15796024,-16.63746976,339223,3115785,1396.29,33868,100,4487,2.2,0,33.868,48.48745331382869,1443.663,GRA_233
234,234,28.30239113,-16.51513946,351436,3131632,2281.61,18478,100,9214,2.2,0,18.478,33.20919300786694,2329.346,GRA_234
235,235,28.27703307,-16.51327155,351584,3128820,2120.43,19268,100,8194,2.2,0,19.268,33.99180718651205,2168.142,GRA_235
236,236,28.24677294,-16.52936521,349963,3125487,1940.66,18650,100,7201,2.2,0,18.65,33.38110033823706,1988.395,GRA_236
237,237,28.23183728,-16.54292969,348611,3123849,1865.69,16448,100,7004,2.2,0,16.448,31.18113808994201,1913.432,GRA_237
238,238,28.21860555,-16.5533667,347568,3122396,1713.39,21630,100,6476,2.2,0,21.63,36.35332950658587,1761.1,GRA_238
239,239,28.2003669,-16.56434971,346464,3120389,1560.24,16245,100,6526,2.2,0,16.245,30.928931491774755,1607.822,GRA_239
240,240,28.18313283,-16.57658649,345238,3118495,1564.34,24280,100,5873,2.2,0,24.28,38.92184470325691,1611.786,GRA_240
241,241,28.17231674,-16.60180806,342746,3117329,1696.99,30216,100,5666,2.2,0,30.216,44.86459488043702,1744.458,GRA_241
242,242,28.27409916,-16.76873752,326520,3128835,1397.63,21312,100,4334,2.2,0,21.312,35.93688789767904,1445.021,GRA_242
243,243,28.33699821,-16.60622028,342555,3135582,1585.69,11518,100,7056,2.2,0,11.518,26.21859690522817,1633.326,GRA_243
244,244,28.33939843,-16.63812273,339431,3135890,1224.15,12580,100,5106,2.2,0,12.58,27.241293354236056,1271.659,GRA_244
245,245,28.3278058,-16.67199014,336093,3134651,1153.07,11409,100,5426,2.2,0,11.409,26.093055716551618,1200.653,GRA_245
246,246,28.32313714,-16.69198825,334125,3134161,1290.4,12789,100,5839,2.2,0,12.789,27.46644776598849,1337.961,GRA_246
247,247,28.32099542,-16.75788723,327660,3134016,1200.06,10157,100,4185,2.2,0,10.157,24.71191286938505,1247.224,GRA_247
248,248,28.30402072,-16.75785277,327636,3132135,1368.34,10805,100,4143,2.2,0,10.805,25.415586036031375,1415.685,GRA_248
249,249,28.23655909,-16.6464644,338458,3124506,2268.67,36578,100,7846,2.2,0,36.578,51.47367807657428,2316.939,GRA_249
250,250,28.26853005,-16.69913669,333339,3128120,2173.84,33321,100,8059,2.2,0,33.321,48.153735340791634,2221.905,GRA_250
251,251,28.41677182,-16.54910435,348268,3144348,14.8,-6367,100,2577,2.2,0,-6.367,7.921055260982825,61.1,GRA_251
252,252,28.41982398,-16.50632431,352463,3144633,282.1,-5949,100,4383,2.2,0,-5.949,8.33934944211972,328.401,GRA_252
253,253,28.40593601,-16.51188462,351899,3143101,233.5,-2946,100,3997,2.2,0,-2.946,11.414974696469072,280.036,GRA_253
254,254,28.44843114,-16.47521751,355549,3147765,278.1,-12062,100,3369,2.2,0,-12.062,2.0828851263900976,323.936,GRA_254
255,255,28.43205804,-16.49521584,353568,3145975,264.3,-9476,100,3084,2.2,0,-9.476,4.749618140715061,310.397,GRA_255
256,256,28.372604,-16.85076978,318640,3139871,119.3,7426,100,1604,2.2,0,7.426,21.51384845771404,164.951,GRA_256
257,257,28.36538566,-16.81716036,321922,3139021,105.6,9710,100,2955,2.2,0,9.71,23.922341915479485,151.654,GRA_257
258,258,28.32482362,-16.8418845,319430,3134563,690.0,13967,100,3219,2.2,0,13.967,28.24477176886854,736.266,GRA_258
259,259,28.32732248,-16.80549769,323002,3134786,1003.0,23219,100,3482,2.2,0,23.219,37.6140026019268,1049.646,GRA_259
260,260,28.31149514,-16.80743287,322786,3133035,1086.5,26437,100,3698,2.2,0,26.437,40.86800207631789,1133.263,GRA_260
261,261,28.37316509,-16.76494018,327053,3139807,14.1,602,100,4517,2.2,0,0.602,14.891225316713196,60.403,GRA_261
262,262,28.37981847,-16.7174384,331719,3140477,162.1,-6808,100,3368,2.2,0,-6.808,7.521464469731013,208.534,GRA_262
263,263,28.36648963,-16.7429959,329193,3139036,438.0,-1624,100,4823,2.2,0,-1.624,12.74290519133012,484.555,GRA_263
264,264,28.36538611,-16.72688827,330770,3138891,293.2,-52,100,5346,2.2,0,-0.052,14.3484523748103,339.864,GRA_264
265,265,28.35482166,-16.78410114,325145,3137802,620.1,8787,100,3804,2.2,0,8.787,23.130396142679235,666.579,GRA_265
266,266,28.35871532,-16.76854716,326676,3138211,557.5,4898,100,4470,2.2,0,4.898,19.25718699692465,604.03,GRA_266
267,267,28.33871558,-16.79354225,324193,3136031,889.0,15805,100,3536,2.2,0,15.805,30.19514872778565,935.63,GRA_267
268,268,28.39371497,-16.65410247,337947,3141930,66.1,-12608,100,3657,2.2,0,-12.608,1.7159472734025023,112.516,GRA_268
269,269,28.39367537,-16.60995216,342273,3141867,75.8,-7134,100,7385,2.2,0,-7.134,7.237316448650738,122.369,GRA_269
270,270,28.39371692,-16.63299725,340015,3141902,110.6,-13530,100,5072,2.2,0,-13.53,0.815460704541275,157.086,GRA_270
271,271,28.38759998,-16.6752135,335869,3141281,191.5,-9408,100,3158,2.2,0,-9.408,4.9283210709399405,237.956,GRA_271
272,272,28.37815861,-16.69576905,333840,3140263,223.6,-6254,100,3328,2.2,0,-6.254,8.113528198685183,270.157,GRA_272
273,273,28.37371603,-16.65188398,338134,3139711,490.1,-4074,100,4011,2.2,0,-4.074,10.372688876637191,536.914,GRA_273
274,274,28.34370835,-16.69021288,334331,3136438,777.0,6251,100,4648,2.2,0,6.251,20.827040860142137,824.233,GRA_274
275,275,28.39593745,-16.59410587,343829,3142097,147.3,-7837,100,4169,2.2,0,-7.837,6.537007831303461,193.878,GRA_275
276,276,28.393718,-16.57465102,345732,3141826,195.8,-5150,100,3511,2.2,0,-5.15,9.254368664427025,242.477,GRA_276
277,277,28.39538349,-16.55299807,347856,3141983,202.6,-2747,100,3346,2.2,0,-2.747,11.661679109138534,249.29,GRA_277
278,278,28.3976046,-16.53299552,349819,3142204,211.0,-569,100,3488,2.2,0,-0.569,13.834358846626692,257.673,GRA_278
279,279,28.38927489,-16.5029938,352747,3141244,475.0,-4558,100,5487,2.2,0,-4.558,9.882931585961549,521.795,GRA_279
280,280,28.37843465,-16.55299596,347832,3140105,458.1,2009,100,4263,2.2,0,2.009,16.51347765801284,505.101,GRA_280
281,281,28.36593619,-16.57882184,345283,3138753,665.0,3425,100,5310,2.2,0,3.425,17.988152111459062,712.191,GRA_281
282,282,28.36177273,-16.5452134,348571,3138249,915.0,9752,100,5298,2.2,0,9.752,24.3438051710886,962.284,GRA_282
283,283,28.36093258,-16.50576735,352436,3138107,1070.0,16183,100,5265,2.2,0,16.183,30.745741726095478,1117.19,GRA_283
284,284,28.34899259,-16.52604306,350432,3136809,1281.1,17586,100,5733,2.2,0,17.586,32.22155657787954,1328.526,GRA_284
285,285,28.3242717,-16.53660303,349362,3134083,1625.0,22921,100,6994,2.2,0,22.921,37.65497192638887,1672.745,GRA_285
286,286,28.39732958,-16.4296516,359944,3142049,1693.0,-476,100,9189,2.2,0,-0.476,13.82743962775411,1739.349,GRA_286
287,287,28.38982517,-16.44631903,358301,3141237,1682.5,4210,100,8024,2.2,0,4.21,18.56921925270129,1729.03,GRA_287
288,288,28.35621235,-16.46854336,356078,3137539,1997.6,12648,100,13234,2.2,0,12.648,27.14824208963099,2044.587,GRA_288
289,289,28.33955754,-16.41854364,360957,3135635,461.6,-2340,100,3921,2.2,0,-2.34,11.995444529909578,508.053,GRA_289
290,290,28.32177464,-16.49243562,353689,3133752,2222.6,15299,100,11220,2.2,0,15.299,29.938602504988275,2270.039,GRA_290
291,291,28.31538176,-16.41215438,361552,3132949,286.8,-6494,100,3430,2.2,0,-6.494,7.806628128507398,333.14,GRA_291
292,292,28.36871638,-16.39688081,363118,3138841,460.0,-10634,100,4370,2.2,0,-10.634,3.6031369106826494,506.135,GRA_292
293,293,28.33538386,-16.39353735,363403,3135144,205.0,-10748,100,2530,2.2,0,-10.748,3.472709727315376,251.081,GRA_293
294,294,28.32899652,-16.37549161,365164,3134416,57.6,-14301,100,1901,2.2,0,-14.301,-0.1722324896669285,103.383,GRA_294
295,295,28.31510272,-16.39187559,363540,3132895,107.8,-14214,100,2306,2.2,0,-14.214,-0.0174018526803401,153.803,GRA_295
296,296,28.29649431,-16.81576417,321944,3131385,930.6,23736,100,3195,2.2,0,23.736,38.15996728048842,977.34,GRA_296
297,297,28.28705027,-16.80521523,322963,3130323,946.3,20850,100,3463,2.2,0,20.85,35.32520482911177,993.206,GRA_297
298,298,28.27093096,-16.80465794,322991,3128536,990.6,16792,100,3939,2.2,0,16.792,31.272635015886245,1037.524,GRA_298
299,299,28.25426783,-16.80632382,322800,3126692,786.8,12176,100,3796,2.2,0,12.176,26.634366227807504,833.651,GRA_299
300,300,28.22981762,-16.84104504,319352,3124034,6.8,-5262,100,2319,2.2,0,-5.262,8.986540068487752,52.972,GRA_300
301,301,28.21566237,-16.83604431,319819,3122458,10.0,-5365,100,2121,2.2,0,-5.365,8.864611769892917,56.11,GRA_301
302,302,28.25343536,-16.76715287,326642,3126543,1260.0,23444,100,4431,2.2,0,23.444,38.071585742783455,1307.4,GRA_302
303,303,28.23759816,-16.7940999,323972,3124827,683.5,14278,100,3643,2.2,0,14.278,28.76494588454624,730.444,GRA_303
304,304,28.22260368,-16.7868799,324656,3123155,596.3,18386,100,3795,2.2,0,18.386,32.870233928012944,643.235,GRA_304
305,305,28.22343609,-16.75465577,327820,3123201,1025.3,33725,100,4552,2.2,0,33.725,48.35437523773401,1072.706,GRA_305
306,306,28.20816084,-16.77188789,326104,3121533,597.8,24393,100,3887,2.2,0,24.393,38.903315585748274,644.82,GRA_306
307,307,28.28567009,-16.40604218,362113,3129650,475.0,-11564,100,3441,2.2,0,-11.564,2.667781247172245,521.117,GRA_307
308,308,28.26371216,-16.42771129,359959,3127242,502.0,-11375,100,3546,2.2,0,-11.375,2.9283414984780998,548.349,GRA_308
309,309,28.24843165,-16.40159871,362501,3125519,23.5,-26769,100,2792,2.2,0,-26.769,-12.643263723992805,69.274,GRA_309
310,310,28.23621428,-16.45910054,356843,3124232,700.0,416,100,3811,2.2,0,0.416,14.803875579435497,746.623,GRA_310
311,311,28.23927567,-16.44020658,358701,3124549,480.1,-15927,100,3407,2.2,0,-15.927,-1.6254182422006025,526.443,GRA_311
312,312,28.22482971,-16.42520644,360154,3122931,41.8,-30805,100,2741,2.2,0,-30.805,-16.629794908688524,87.734,GRA_312
313,313,28.22038788,-16.44937839,357776,3122467,378.0,-16348,100,3194,2.2,0,-16.348,-2.0676638420306155,424.275,GRA_313
314,314,28.20621278,-16.48437707,354322,3120938,700.0,499,100,4048,2.2,0,0.499,14.893611327525848,746.645,GRA_314
315,315,28.20677682,-16.42799267,359857,3120934,56.8,-31289,100,2389,2.2,0,-31.289,-17.167226577940276,102.561,GRA_315
316,316,28.30121614,-16.38353684,364340,3131347,61.6,-16446,100,2032,2.2,0,-16.446,-2.30663130371315,107.418,GRA_316
317,317,28.28316912,-16.38493478,364180,3129349,21.8,-18902,100,3288,2.2,0,-18.902,-4.784810109257037,67.546,GRA_317
318,318,28.26788787,-16.38771384,363888,3127659,35.8,-22378,100,2553,2.2,0,-22.378,-8.274696611167606,81.501,GRA_318
319,319,28.200929,-16.82160227,321212,3120804,82.0,-1574,100,2180,2.2,0,-1.574,12.674998960776604,128.173,GRA_319
320,320,28.18177326,-16.81660259,321671,3118674,15.3,521,100,1982,2.2,0,0.521,14.719510394300926,61.309,GRA_320
321,321,28.19648767,-16.79438038,323877,3120272,257.0,7805,100,2930,2.2,0,7.805,22.167645949280704,303.541,GRA_321
322,322,28.19371194,-16.76354127,326900,3119920,547.1,26559,100,4340,2.2,0,26.559,41.05572412420634,594.076,GRA_322
323,323,28.17760665,-16.76465188,326765,3118137,507.1,26002,100,3604,2.2,0,26.002,40.42692425729392,553.843,GRA_323
324,324,28.17260282,-16.74242923,328939,3117551,835.0,37569,100,5102,2.2,0,37.569,52.06621221769912,881.977,GRA_324
325,325,28.15982228,-16.76299551,326899,3116164,430.0,22067,100,3163,2.2,0,22.067,36.414147213006885,476.491,GRA_325
326,326,28.15677133,-16.7304931,330086,3115780,902.0,37392,100,4051,2.2,0,37.392,51.855929394354106,948.87,GRA_326
327,327,28.14871156,-16.79299256,323935,3114976,79.8,4384,100,2150,2.2,0,4.384,18.540450394755084,125.673,GRA_327
328,328,28.1437128,-16.76021676,327146,3114375,335.5,17828,100,3019,2.2,0,17.828,32.10255160740178,381.756,GRA_328
329,329,28.13592779,-16.78021671,325169,3113541,83.8,6684,100,2038,2.2,0,6.684,20.82974368485893,129.638,GRA_329
330,330,28.12926802,-16.76132439,327014,3112776,149.3,10983,100,2389,2.2,0,10.983,25.17085008372925,195.275,GRA_330
331,331,28.12705156,-16.74410446,328702,3112506,232.8,18838,100,2887,2.2,0,18.838,33.08144318871855,278.955,GRA_331
332,332,28.11149027,-16.75632118,327477,3110799,93.3,4841,100,1920,2.2,0,4.841,18.94099890384228,138.99,GRA_332
333,333,28.11038325,-16.73410414,329658,3110645,144.6,14054,100,2614,2.2,0,14.054,28.22666014241628,190.526,GRA_333
334,334,28.14205465,-16.65353875,337621,3114044,1258.0,27548,100,3817,2.2,0,27.548,42.07949091753007,1305.088,GRA_334
335,335,28.13538335,-16.68993497,334036,3113354,1030.0,29019,100,3739,2.2,0,29.019,43.472524606152646,1076.836,GRA_335
336,336,28.13288127,-16.61604448,341290,3112978,1021.0,16677,100,3809,2.2,0,16.677,31.127661754534813,1067.827,GRA_336
337,337,28.11121079,-16.64798616,338120,3110619,840.0,19858,100,4095,2.2,0,19.858,34.18728175704972,886.433,GRA_337
338,338,28.14593308,-16.54631928,348157,3114335,650.0,-667,100,3012,2.2,0,-0.667,13.679284778027368,696.488,GRA_338
339,339,28.12788206,-16.55354279,347422,3112344,533.0,-4731,100,2366,2.2,0,-4.731,9.532377610676525,579.22,GRA_339
340,340,28.10621821,-16.5791042,344880,3109976,540.0,-841,100,2226,2.2,0,-0.841,13.35731212642846,586.009,GRA_340
341,341,28.10455566,-16.55159838,347580,3109757,335.0,-11752,100,1786,2.2,0,-11.752,2.3575856449030965,380.721,GRA_341
342,342,28.19955644,-16.4604869,356658,3120172,363.0,-17918,100,3026,2.2,0,-17.918,-3.667713693602762,409.177,GRA_342
343,343,28.18288219,-16.4802146,354699,3118348,383.0,-14220,100,2718,2.2,0,-14.22,0.0484167354050324,429.236,GRA_343
344,344,28.18177809,-16.4535429,357316,3118194,215.0,-23396,100,2031,2.2,0,-23.396,-9.2584968251598,260.812,GRA_344
345,345,28.19010685,-16.42798496,359836,3119087,20.8,-30838,100,1900,2.2,0,-30.838,-16.783756217536293,66.342,GRA_345
346,346,28.16260768,-16.47048469,355627,3116090,232.0,-22353,100,1950,2.2,0,-22.353,-8.228789986514961,277.769,GRA_346
347,347,28.16371508,-16.4418822,358437,3116179,21.6,-32623,100,1514,2.2,0,-32.623,-18.62246000641404,66.968,GRA_347
348,348,28.14705245,-16.45992658,356643,3114354,67.0,-31302,100,1610,2.2,0,-31.302,-17.302626890992904,112.364,GRA_348
349,349,28.14843248,-16.42659665,359918,3114468,22.1,-36876,100,1945,2.2,0,-36.876,-23.012775163112263,67.023,GRA_349
350,350,28.13316865,-16.46271127,356351,3112819,72.3,-29069,100,1351,2.2,0,-29.069,-15.12873669577276,117.473,GRA_350
351,351,28.11927675,-16.47382242,355241,3111293,53.3,-29155,100,1257,2.2,0,-29.155,-15.243351905625136,98.38,GRA_351
352,352,28.10260402,-16.49325907,353309,3109469,46.8,-32402,100,1186,2.2,0,-32.402,-18.509299206192544,91.818,GRA_352
353,353,28.10538683,-16.47798897,354813,3109759,48.3,-33022,100,1144,2.2,0,-33.022,-19.170801154094168,93.184,GRA_353
354,354,28.09648896,-16.73021694,330018,3109100,85.1,9421,100,2089,2.2,0,9.421,23.51204130297952,130.761,GRA_354
355,355,28.08205136,-16.73075876,329942,3107501,46.6,3227,100,1647,2.2,0,3.227,17.21630383189504,91.932,GRA_355
356,356,28.06537921,-16.72742907,330243,3105649,32.8,-59,100,1186,2.2,0,-0.059,13.817246546146135,77.765,GRA_356
357,357,28.0631629,-16.7091008,332041,3105378,106.5,2978,100,1448,2.2,0,2.978,16.879959238831027,151.548,GRA_357
358,358,28.10038564,-16.68104056,334856,3109464,630.0,17413,100,2712,2.2,0,17.413,31.6447201646474,676.117,GRA_358
359,359,28.08620982,-16.66604368,336308,3107873,388.0,12993,100,2151,2.2,0,12.993,27.133517722695004,433.822,GRA_359
360,360,28.08399745,-16.61021353,341791,3107554,376.0,905,100,1919,2.2,0,0.905,15.007565221305256,421.699,GRA_360
361,361,28.0795546,-16.63938231,338918,3107100,559.0,5795,100,2334,2.2,0,5.795,19.88852362155763,604.669,GRA_361
362,362,28.0664948,-16.62271142,340537,3105631,248.0,-1450,100,1616,2.2,0,-1.45,12.532752117509329,293.31,GRA_362
363,363,28.05871286,-16.6902092,333891,3104859,152.6,1806,100,1216,2.2,0,1.806,15.7073683025711,197.647,GRA_363
364,364,28.0514961,-16.67299551,335572,3104036,134.6,132,100,1101,2.2,0,0.132,13.997001499226847,179.529,GRA_364
365,365,28.05316246,-16.65464851,337378,3104196,181.1,243,100,1137,2.2,0,0.243,14.13349514671997,226.111,GRA_365
366,366,28.05316558,-16.63631636,339180,3104172,171.1,-1822,100,1098,2.2,0,-1.822,12.06808695071765,216.11,GRA_366
367,367,28.05149567,-16.60576141,342181,3103947,126.0,-10325,100,1165,2.2,0,-10.325,3.5272926947212646,170.888,GRA_367
368,368,28.03342908,-16.64826399,337976,3102001,73.0,-8056,100,823,2.2,0,-8.056,5.683295225463207,117.521,GRA_368
369,369,28.09288513,-16.50714897,351931,3108409,80.1,-23225,100,1129,2.2,0,-23.225,-9.339382670161832,125.096,GRA_369
370,370,28.08593454,-16.52520711,350147,3107661,94.8,-23319,100,1230,2.2,0,-23.319,-9.414687214777755,139.856,GRA_370
371,371,28.07899854,-16.55853716,346862,3106934,228.1,-13967,100,1336,2.2,0,-13.967,-0.0077425454379991,273.334,GRA_371
372,372,28.07343756,-16.54188111,348491,3106297,135.5,-17630,100,1108,2.2,0,-17.63,-3.7543303400976047,180.463,GRA_372
373,373,28.06260349,-16.57243272,345473,3105135,136.6,-13327,100,1195,2.2,0,-13.327,0.5501345825100632,181.568,GRA_373
374,374,28.05538348,-16.58965334,343770,3104357,142.2,-11442,100,1169,2.2,0,-11.442,2.41684280275323,187.109,GRA_374
375,375,28.04427295,-16.53575801,349052,3103058,14.8,-24030,100,751,2.2,0,-24.03,-10.369167717978334,59.067,GRA_375
376,376,28.03232698,-16.5666014,346003,3101773,15.0,-26580,100,727,2.2,0,-26.58,-12.928775911997,59.236,GRA_376
