,Unnamed: 0,Island,Station ID,latitude,longitude,height_geoid,height_ell,Precision,obsG,gamma,G_disturbance,terrain_effect,topo_free_disturbance
0,0,Tenerife,930003,28.470277777777778,-16.247222222222224,10.149,54.2687,,979398.9,979190.2449819063,208.65501809376292,-9.592300823239407,218.24731891700233
1,1,Tenerife,931001,28.475555555555555,-16.24888888888889,28.5925,72.7279,,979394.79,979184.9465928636,209.84340713638812,-7.769314588198608,217.61272172458672
2,2,Tenerife,931002,28.471944444444443,-16.255277777777778,52.7189,96.9381,,979388.87,979177.2003931155,211.6696068844758,-5.358290787405102,217.0278976718809
3,3,Tenerife,931003,28.46972222222222,-16.259722222222223,62.3199,106.5977,,979386.13,979174.0506401611,212.07935983885545,-4.153012222837637,216.2323720616931
4,4,Tenerife,931004,28.46444444444444,-16.26222222222222,72.8529,117.1675,,979381.98,979170.3887537803,211.59124621970113,-2.596510636761272,214.1877568564624
5,5,Tenerife,931005,28.459166666666665,-16.26388888888889,75.2698,119.6078,,979379.1,979169.2361989727,209.8638010272989,-2.511417245886819,212.37521827318574
6,6,Tenerife,932001,28.45888888888889,-16.25611111111111,49.0165,93.2523,,979383.38,979177.3501911388,206.0298088612035,-7.384034330813701,213.4138431920172
7,7,Tenerife,932002,28.459444444444443,-16.253333333333334,18.9541,63.1535,,979389.69,979186.6827778217,203.0072221782757,-8.690860466599874,211.69808264487557
8,8,Tenerife,932003,28.461111111111112,-16.249166666666667,4.3687,48.5142,,979392.01,979191.3276153989,200.6823846010957,-10.341917160228505,211.02430176132418
9,9,Tenerife,932004,28.46611111111111,-16.247222222222224,4.7428,48.8657,0.05,979394.77,979191.5974381856,203.17256181442644,-9.973206894099205,213.14576870852565
10,10,Tenerife,932005,28.47083333333333,-16.246944444444445,8.7556,52.8712,,979396.41,979190.7183935809,205.69160641916096,-9.815394514506655,215.50700093366763
11,11,Tenerife,932006,28.47305555555556,-16.247222222222224,8.8779,52.9948,,979399.06,979190.8484165949,208.21158340515103,-9.773375073551133,217.98495847870217
12,12,Tenerife,932007,28.47861111111111,-16.24361111111111,8.9121,52.9789,,979398.07,979191.2737990456,206.7962009543553,-9.56042088941524,216.35662184377054
13,13,Tenerife,932009,28.476388888888888,-16.24638888888889,11.1178,55.221,0.05,979398.892,979190.4135292997,208.4784707003273,-9.54504605647061,218.0235167567979
14,14,Tenerife,932010,28.4775,-16.244722222222222,8.8193,52.9007,0.05,979399.314,979191.2138380359,208.10016196407378,-9.59806599379956,217.69822795787334
15,15,Tenerife,932011,28.476388888888888,-16.246111111111112,11.1248,55.2245,0.05,979398.892,979190.4124489462,208.4795510538388,-9.468224386044945,217.94777543988374
16,16,Tenerife,932015,28.4775,-16.246111111111112,8.8263,52.925,0.05,979399.314,979191.2063372985,208.10766270151362,-9.871799411950173,217.9794621134638
17,17,Tenerife,932016,28.47777777777777,-16.246111111111112,10.1562,54.2546,,979398.9,979190.8169514874,208.08304851257708,-9.735536928957064,217.81858544153414
18,18,Tenerife,932017,28.47694444444444,-16.246111111111112,3.7725,47.8717,0.05,979399.074,979192.7241034921,206.34989650791977,-10.679755510235672,217.02965201815545
19,19,Tenerife,932018,28.5725,-16.24638888888889,4.1682,47.5992,,979399.382,979200.0484378672,199.33356213278603,-16.319086582261935,215.65264871504797
20,20,Tenerife,933001,28.45611111111111,-16.266944444444444,84.3081,128.6881,,979376.31,979166.2022894963,210.10771050374024,-1.9279771069027545,212.03568761064298
21,21,Tenerife,933002,28.451666666666664,-16.27138888888889,105.2885,149.7321,,979369.81,979159.370639273,210.4393607270904,0.0712059557075024,210.36815477138288
22,22,Tenerife,933003,28.446944444444444,-16.274444444444445,118.7142,163.2024,,979364.31,979154.855742696,209.4542573040817,0.521450355578531,208.93280694850316
23,23,Tenerife,934001,28.45027777777777,-16.2775,169.9857,214.5148,,979356.11,979139.270166468,216.83983353199437,6.20898455960938,210.630848972385
24,24,Tenerife,934002,28.449166666666667,-16.280833333333334,172.0708,216.6467,,979356.12,979138.5281123259,217.59188767406158,4.405253078007118,213.18663459605446
25,25,Tenerife,934003,28.448055555555555,-16.283611111111114,214.0944,258.7093,,979347.22,979125.4616346789,221.7583653210895,10.360283784015571,211.39808153707395
26,26,Tenerife,934004,28.447777777777777,-16.283333333333335,214.9611,259.5724,,979347.03,979125.1742347219,221.8557652781019,10.8984169650613,210.9573483130406
27,27,Tenerife,934005,28.446666666666665,-16.289166666666667,257.0595,301.7492,,979338.56,979112.0727749389,226.4872250611661,15.194845545631017,211.2923795155351
28,28,Tenerife,934006,28.45027777777777,-16.291111111111114,297.1634,341.8755,,979333.01,979099.9616054309,233.0483945690794,18.603563663631164,214.4448309054482
29,29,Tenerife,934007,28.45694444444444,-16.29361111111111,341.3372,386.0678,,979326.52,979086.8269875892,239.69301241077483,23.86589484388326,215.82711756689156
30,30,Tenerife,934008,28.460555555555555,-16.297500000000003,375.3891,420.1617,,979321.15,979076.5780885303,244.57191146968398,27.45575261191895,217.11615885776504
31,31,Tenerife,934009,28.460555555555555,-16.297500000000003,378.1839,422.9565,,979320.72,979075.7155608098,245.0044391901465,27.445958399026225,217.5584807911203
32,32,Tenerife,934010,28.46611111111111,-16.303055555555556,432.271,477.0955,,979312.58,979059.4278428964,253.1521571035264,32.953664415249584,220.19849268827681
33,33,Tenerife,934011,28.47083333333333,-16.30777777777778,467.3186,512.1703,,979309.14,979048.96083203,260.17916796996724,36.3022347712928,223.87693319867444
34,34,Tenerife,934012,28.476388888888888,-16.31361111111111,511.7489,556.6297,,979304.25,979035.6610293712,268.58897062879987,40.88359565633233,227.70537497246755
35,35,Tenerife,934013,28.476388888888888,-16.31361111111111,512.3449,557.2257,,979304.24,979035.4771043658,268.76289563416503,40.99625934117493,227.7666362929901
36,36,Tenerife,934014,28.479444444444443,-16.316666666666666,534.1926,579.0859,,979301.65,979028.9623862396,272.6876137604704,43.34252467346671,229.34508908700371
37,37,Tenerife,938001,28.31833333333333,-16.411666666666665,306.9122,353.2501,,979339.9,979086.4854773368,253.4145226632245,18.23968982553647,235.17483283768803
38,38,Tenerife,938002,28.32472222222222,-16.410833333333333,338.1419,384.4738,0.05,979334.23,979077.3308384615,256.89916153845843,21.622489116061683,235.27667242239676
39,39,Tenerife,938003,28.33055555555556,-16.413055555555555,369.0411,415.4142,0.05,979328.68,979068.2219380487,260.458061951329,24.04984651683654,236.40821543449246
40,40,Tenerife,938004,28.335833333333333,-16.415555555555553,417.6535,464.0655,0.05,979319.39,979053.6054802659,265.7845197340939,27.76442226678301,238.0200974673109
41,41,Tenerife,938005,28.342222222222222,-16.416666666666668,439.9528,486.3775,0.05,979314.85,979047.2017814956,267.648218504386,29.60184513378656,238.04637337059947
42,42,Tenerife,938007,28.34472222222222,-16.41861111111111,464.2596,510.7095,0.05,979310.41,979039.8813700438,270.5286299561849,31.36501113190113,239.16361882428376
43,43,Tenerife,938008,28.348888888888887,-16.418055555555558,506.0638,552.503,0.05,979300.76,979027.2981850546,273.46181494544726,35.040183509670264,238.421631435777
44,44,Tenerife,938009,28.35277777777777,-16.413888888888888,540.1458,586.5216,0.05,979292.2,979017.093615404,275.1063845959725,38.86400373420401,236.24238086176848
45,45,Tenerife,938010,28.35777777777778,-16.412777777777777,589.6318,635.9827,0.05,979280.91,979002.2077201005,278.7022798995022,43.19870249320992,235.50357740629227
46,46,Tenerife,938011,28.35611111111111,-16.41777777777778,641.2678,687.6871,0.05,979271.01,978986.1267357324,284.8832642675843,47.76876219555427,237.11450207203004
47,47,Tenerife,938013,28.354166666666668,-16.424166666666668,687.6762,734.1818,,979262.4,978971.6327530802,290.7672469198005,51.41375812182195,239.35348879797857
48,48,Tenerife,938014,28.35388888888889,-16.426111111111112,739.1348,785.6662,0.05,979252.27,978955.7252282989,296.5447717010975,56.54520306969543,239.99956863140204
49,49,Tenerife,938015,28.3575,-16.426944444444445,793.5247,840.054,0.05,979240.59,978939.215758924,301.37424107594416,61.15944014254303,240.21480093340114
50,50,Tenerife,938016,28.35861111111112,-16.429722222222225,870.1231,916.6826,0.05,979224.72,978915.6556394063,309.06436059367843,68.17360944674581,240.89075114693262
51,51,Tenerife,938017,28.357222222222223,-16.434166666666666,930.9187,977.5377,,979212.94,978896.774373025,316.1656269748928,73.26872637785242,242.89690059704037
52,52,Tenerife,938019,28.363333333333333,-16.43166666666667,991.2501,1037.8145,0.05,979199.59,978878.6382454956,320.9517545043491,79.00571656720614,241.94603793714293
53,53,Tenerife,938020,28.36694444444445,-16.429722222222225,1034.9567,1081.4841,0.05,979189.63,978865.437643886,324.1923561140429,82.68196415302606,241.51039196101686
54,54,Tenerife,938021,28.37138888888889,-16.427500000000002,1104.3594,1150.8404,0.05,979174.06,978844.3755277843,329.68447221571114,87.86530493193447,241.81916728377666
55,55,Tenerife,938022,28.37861111111112,-16.425,1174.7008,1221.122,0.05,979159.1,978823.238473193,335.8615268069552,95.1975248328452,240.66400197411002
56,56,Tenerife,938023,28.37527777777778,-16.4325,1243.4571,1289.9719,0.05,979145.51,978801.746659473,343.7633405269589,101.39993500237708,242.36340552458185
57,57,Tenerife,938025,28.38083333333333,-16.428611111111113,1306.994,1353.4409,0.05,979130.02,978782.5867712547,347.43322874535806,105.792526431503,241.64070231385506
58,58,Tenerife,938026,28.383888888888887,-16.43166666666667,1376.5845,1423.0446,0.05,979115.3,978761.3462854103,353.95371458970476,112.85571853509173,241.09799605461302
59,59,Tenerife,938027,28.380277777777778,-16.43611111111111,1450.3657,1496.8864,0.05,979099.9,978738.2956563825,361.6043436175678,118.74861090831156,242.85573270925624
60,60,Tenerife,938028,28.378055555555555,-16.441111111111113,1518.7149,1565.2932,,979081.36,978717.0271743834,364.33282561658416,123.17371227320687,241.15911334337727
61,61,Tenerife,938030,28.379444444444445,-16.447222222222223,1601.3199,1647.9434,0.05,979066.02,978691.6388405876,374.3811594124418,131.75705564676608,242.6241037656757
62,62,Tenerife,938031,28.38611111111111,-16.449722222222224,1652.0019,1698.593,0.05,979052.9,978676.5201620131,376.37983798689675,134.72278274582118,241.65705524107557
63,63,Tenerife,938032,28.38833333333333,-16.448888888888888,1679.0767,1725.6402,0.05,979043.99,978668.3458133545,375.6441866455134,134.88499026385304,240.75919638166036
64,64,Tenerife,939001,28.308055555555555,-16.389722222222222,125.7641,171.7086,0.05,979373.55,979141.741965314,231.80803468602244,2.2830907662651008,229.52494391975733
65,65,Tenerife,939002,28.311666666666667,-16.39638888888889,173.8134,219.8792,0.05,979364.64,979127.1462599912,237.4937400087947,6.794191576307139,230.69954843248757
66,66,Tenerife,939003,28.31277777777778,-16.403888888888886,221.1426,267.3363,0.05,979356.53,979112.5826178661,243.94738213391975,10.725946960979275,233.22143517294046
67,67,Tenerife,939004,28.3125,-16.410555555555554,267.6167,313.9215,0.05,979346.8,979098.1836758358,248.61632416420616,14.007130695067604,234.60919346913855
68,68,Tenerife,942001,28.11694444444445,-16.58222222222222,704.6466,750.9131,0.05,979242.99,978948.6138117638,294.3761882361723,57.13141765483798,237.24477058133434
69,69,Tenerife,942002,28.11777777777778,-16.58888888888889,754.6965,801.0298,0.05,979234.63,978933.2118795961,301.4181204038905,61.59907718547984,239.81904321841066
70,70,Tenerife,942003,28.124166666666667,-16.589444444444442,795.302,841.7735,0.05,979227.74,978921.1195065576,306.6204934424022,65.66892986177722,240.95156358062502
71,71,Tenerife,942004,28.126944444444444,-16.595,837.2259,883.7957,,979222.32,978908.3618223683,313.9581776316045,69.44221493764293,244.51596269396157
72,72,Tenerife,942005,28.13,-16.597777777777775,857.9858,904.6398,,979220.33,978902.1597535282,318.1702464717673,71.03645898757037,247.13378748419694
73,73,Tenerife,942007,28.13305555555556,-16.600555555555555,894.352,941.0895,0.05,979214.46,978891.1427103872,323.31728961272165,73.63595381863615,249.6813357940855
74,74,Tenerife,942008,28.131666666666668,-16.60666666666667,937.1555,983.9001,0.05,979206.42,978877.8295326019,328.5904673981713,77.19407115349144,251.39639624467986
75,75,Tenerife,942009,28.131666666666668,-16.6125,982.5956,1029.3748,0.05,979198.87,978863.7989528251,335.0710471748607,81.85202927001305,253.21901790484768
76,76,Tenerife,942010,28.13277777777778,-16.61527777777778,1021.8641,1068.6838,0.05,979191.1,978851.7543911425,339.3456088574603,86.0715367201199,253.27407213734043
77,77,Tenerife,942011,28.1375,-16.614722222222223,1066.3782,1113.289,0.05,979183.3,978838.3472588819,344.95274111814797,88.96059789429766,255.9921432238503
78,78,Tenerife,942012,28.13777777777777,-16.61722222222222,1124.6079,1171.5379,0.05,979170.71,978820.3973908784,350.31260912155267,95.0157815190742,255.29682760247846
79,79,Tenerife,942014,28.141111111111112,-16.62138888888889,1165.6129,1212.6239,,979165.07,978807.9723439361,357.0976560638519,98.48079324010206,258.61686282374984
80,80,Tenerife,942015,28.140833333333333,-16.61888888888889,1205.5867,1252.5832,0.05,979154.25,978795.6239123287,358.6260876712622,102.1988593745537,256.4272282967085
81,81,Tenerife,942016,28.14555555555556,-16.62472222222222,1257.5939,1304.7049,0.05,979149.02,978779.899256295,369.12074370507617,108.09688872875812,261.02385497631803
82,82,Tenerife,942017,28.147777777777776,-16.62777777777778,1289.8332,1336.9992,0.05,979143.72,978770.1037116335,373.6162883664947,111.23532659995438,262.38096176654034
83,83,Tenerife,942018,28.1525,-16.633888888888887,1335.9445,1383.2187,0.05,979136.63,978756.2004715601,380.42952843988314,115.68297553127334,264.74655290860983
84,84,Tenerife,942019,28.15305555555556,-16.639444444444443,1376.8301,1424.1206,0.05,979127.0,978743.6248661678,383.3751338322181,119.2552750620048,264.11985877021334
85,85,Tenerife,943003,28.242222222222225,-16.79638888888889,731.9612,778.8987,0.05,979261.38,978949.3958810107,311.98411898931954,58.64317119206559,253.34094779725396
86,86,Tenerife,943004,28.238333333333333,-16.790277777777778,780.7143,827.7201,0.05,979252.04,978934.0385597273,318.00144027278293,63.21455054727406,254.78688972550887
87,87,Tenerife,943005,28.23555555555556,-16.784444444444446,819.9248,867.0015,0.05,979244.8,978921.7088569993,323.0911430007545,66.8500221651148,256.2411208356397
88,88,Tenerife,943006,28.230277777777776,-16.778055555555554,864.1802,911.3111,0.05,979238.25,978907.6397770277,330.6102229723474,70.67440621737686,259.9358167549706
89,89,Tenerife,943007,28.22805555555556,-16.77,912.6381,959.8683,0.05,979231.21,978892.4904161267,338.7195838732878,74.72186209493144,263.9977217783563
90,90,Tenerife,943009,28.225,-16.760833333333334,977.31,1024.6437,0.05,979220.36,978872.2748267131,348.08517328684684,80.97095420605828,267.11421908078853
91,91,Tenerife,943010,28.223888888888887,-16.753611111111113,1033.4044,1080.8275,0.05,979212.01,978854.8568977433,357.1531022567069,86.18635727600893,270.96674498069797
92,92,Tenerife,943011,28.229444444444443,-16.759444444444444,1082.0348,1129.4208,0.05,979197.27,978840.282945048,356.98705495207105,90.6328236109188,266.35423134115223
93,93,Tenerife,943012,28.235833333333336,-16.759444444444444,1129.5746,1177.0013,0.05,979186.48,978826.0845805517,360.3954194482649,94.81502608536066,265.5803933629042
94,94,Tenerife,943013,28.24055555555556,-16.76361111111111,1169.1302,1216.5244,0.05,979176.22,978814.2468865389,361.97311346104834,99.48510381968146,262.4880096413669
95,95,Tenerife,943015,28.246111111111112,-16.765,1207.827,1255.2296,0.05,979167.03,978802.7245260547,364.3054739453364,103.28423515368766,261.0212387916488
96,96,Tenerife,943016,28.253055555555555,-16.76722222222222,1254.9382,1302.3364,0.05,979155.64,978788.7151958995,366.92480410053395,107.76947189789324,259.1553322026407
97,97,Tenerife,943017,28.260555555555555,-16.77,1303.3414,1350.7177,0.05,979145.88,978774.3549556234,371.52504437661264,112.58584241572954,258.9392019608831
98,98,Tenerife,943018,28.26944444444444,-16.76888888888889,1362.9634,1410.3606,,979134.09,978756.6258406072,377.46415939275175,118.59822540000988,258.8659339927419
99,107,Tenerife,943030,28.2675,-16.728055555555553,1860.4976,1908.3384,0.05,979024.72,978602.8828950144,421.83710498560686,161.37004482709952,260.46706015850737
100,108,Tenerife,943031,28.261666666666667,-16.721666666666664,1911.6315,1959.5337,0.05,979017.32,978586.6548087071,430.6651912928792,166.41048876475995,264.2547025281192
101,109,Tenerife,943032,28.255,-16.71472222222222,1969.1578,2017.127,0.05,979007.59,978568.3913229285,439.1986770714866,171.0286252953818,268.1700517761048
102,110,Tenerife,943033,28.24944444444445,-16.708055555555553,2020.7492,2068.7749,0.05,978999.71,978552.045508302,447.66449169791304,175.88700816622952,271.7774835316835
103,111,Tenerife,943034,28.24194444444445,-16.702777777777776,2080.6982,2128.7464,0.05,978989.59,978532.9869526654,456.60304733458906,181.18395138376744,275.41909595082166
104,112,Tenerife,943036,28.23555555555556,-16.69611111111111,2084.6434,2132.7221,0.05,978993.37,978531.2799614449,462.0900385550922,182.5989201215557,279.4911184335365
105,113,Tenerife,943037,28.22833333333333,-16.690277777777776,2088.2449,2136.3232,0.05,978995.04,978529.6258355721,465.4141644279007,183.5667253316575,281.8474390962432
106,114,Tenerife,943038,28.22111111111111,-16.684444444444445,2060.69,2108.76,0.05,979001.06,978537.5820387074,463.4779612926068,181.6401545702813,281.83780672232547
107,115,Tenerife,944002,28.36777777777778,-16.733888888888888,363.5657,410.1511,0.05,979329.67,979072.6553277837,257.0146722163772,18.042619309120877,238.97205290725634
108,116,Tenerife,944003,28.36416666666667,-16.72861111111111,412.6208,459.2978,0.05,979320.22,979057.2151684912,263.00483150873333,22.60530256680957,240.39952894192376
109,117,Tenerife,944004,28.363333333333333,-16.735,470.3764,517.0344,0.05,979309.07,979039.3341811394,269.73581886058673,29.019931559801023,240.7158873007857
110,118,Tenerife,944005,28.35944444444445,-16.73222222222222,540.25,586.9916,0.05,979295.04,979017.4517837917,277.58821620838717,36.91853694377417,240.669679264613
111,119,Tenerife,944006,28.357222222222223,-16.732499999999998,593.6845,640.4634,0.05,979283.73,979000.7830944156,282.9469055844238,41.48513257228488,241.4617730121389
112,120,Tenerife,944008,28.355833333333333,-16.731666666666666,642.2131,689.0209,0.05,979273.94,978985.6941836714,288.2458163285628,46.56148057955905,241.68433574900374
113,121,Tenerife,944009,28.35527777777778,-16.7375,661.0458,707.829,0.05,979270.38,978979.8484604079,290.531539592077,48.34331590149065,242.18822369058637
114,122,Tenerife,944010,28.35361111111112,-16.742222222222225,708.6132,755.397,0.05,979260.95,978965.044392678,295.9056073219981,52.90223165231969,243.0033756696784
115,123,Tenerife,944011,28.349444444444444,-16.747777777777777,791.0493,837.8717,0.05,979245.57,978939.2811075995,306.288892400451,61.74041834162138,244.54847405882964
116,124,Tenerife,944012,28.34555555555556,-16.751944444444444,851.5275,898.386,0.05,979234.19,978920.315650799,313.87434920098167,67.85214732651572,246.02220187446596
117,125,Tenerife,944013,28.34083333333333,-16.755277777777778,922.926,969.8362,0.05,979220.24,978897.913696532,322.3263034679694,75.70359788731012,246.62270558065927
118,126,Tenerife,944015,28.335833333333333,-16.75888888888889,983.6342,1030.596,,979208.24,978878.7898728327,329.45012716727797,82.03414896153213,247.41597820574583
119,127,Tenerife,944016,28.33277777777778,-16.75638888888889,1037.9027,1084.9299,0.05,979196.66,978861.795854529,334.86414547101595,86.50907828147794,248.355067189538
120,128,Tenerife,944017,28.33138888888889,-16.765833333333333,1057.0431,1104.013,0.05,979193.08,978855.8035183296,337.2764816703275,89.21338364852537,248.06309802180212
121,129,Tenerife,944018,28.330277777777777,-16.775555555555556,1071.0409,1117.9419,0.05,979191.77,978851.422357695,340.34764230507426,90.35740112782229,249.99024117725196
122,130,Tenerife,944020,28.33,-16.785833333333336,1071.3737,1118.1871,,979193.24,978851.3257535575,341.9142464424949,89.80198416482253,252.1122622776724
123,131,Tenerife,944021,28.325,-16.793333333333337,1122.1484,1168.9414,0.05,979184.74,978835.2901244211,349.44987557886634,95.22040542027052,254.2294701585958
124,132,Tenerife,944022,28.31833333333333,-16.796944444444446,1133.7563,1180.5819,0.05,979186.5,978831.1960762817,355.303923718282,96.71081239618304,258.593111322099
125,133,Tenerife,945001,28.375833333333333,-16.586666666666666,383.035,430.0254,0.05,979328.22,979067.1299848169,261.0900151830865,18.838194499056105,242.2518206840304
126,134,Tenerife,945002,28.375833333333333,-16.59111111111111,420.5004,467.4787,0.05,979318.5,979055.5713211301,262.92867886985186,22.69276083390836,240.2359180359435
127,135,Tenerife,945003,28.37333333333333,-16.589166666666664,468.6877,515.7183,0.05,979308.42,979040.4953573729,267.92464262712747,27.37036129998813,240.55428132713934
128,136,Tenerife,945004,28.37361111111111,-16.594166666666666,522.2105,569.2226,0.05,979295.02,979024.0048109107,271.0151890893467,30.61944067794169,240.39574841140498
129,137,Tenerife,945006,28.37833333333333,-16.59638888888889,508.1089,555.0251,0.05,979295.9,979028.7427453345,267.15725466550793,28.574730277266024,238.58252438824192
130,138,Tenerife,945007,28.38305555555556,-16.602777777777778,521.0719,567.8773,0.05,979290.18,979025.1332098779,265.04679012217093,28.88709888102652,236.1596912411444
131,139,Tenerife,945008,28.384444444444444,-16.604166666666668,572.9144,619.6874,0.05,979277.07,979009.2498123924,267.82018760754727,33.21623711422005,234.6039504933272
132,140,Tenerife,945009,28.38,-16.604166666666668,673.6211,720.4806,0.05,979258.95,978977.8110487215,281.13895127840806,45.11098184336594,236.0279694350421
133,141,Tenerife,945010,28.37638888888889,-16.604444444444447,756.9365,803.8649,0.05,979242.59,978951.8084537719,290.7815462280996,53.92965624117005,236.85188998692956
134,142,Tenerife,945011,28.378888888888888,-16.609444444444446,704.0221,750.8849,0.05,979253.96,978968.3451675504,285.614832449588,50.22024865273565,235.39458379685234
135,143,Tenerife,945012,28.37611111111111,-16.610555555555557,757.394,804.3074,0.05,979243.2,978951.6509371854,291.5490628145635,55.70605371733998,235.84300909722353
136,144,Tenerife,945014,28.37027777777778,-16.6125,849.8487,896.8702,0.05,979224.75,978922.6495421383,302.1004578616703,65.29932724355587,236.80113061811443
137,145,Tenerife,945015,28.364722222222223,-16.61777777777778,893.7957,940.9079,0.05,979216.09,978908.6423721116,307.44762788841035,69.88203651440138,237.565591374009
138,146,Tenerife,945016,28.361944444444447,-16.62361111111111,887.5839,934.7279,0.05,979219.16,978910.3394656042,308.8205343958689,69.18301040043755,239.63752399543134
139,147,Tenerife,945017,28.361666666666668,-16.630277777777778,889.375,936.5015,0.05,979219.87,978909.7712601718,310.0987398282159,69.54641828731663,240.5523215408993
140,148,Tenerife,945019,28.36388888888889,-16.638333333333332,831.3365,878.3918,,979230.03,978927.8687086806,302.16129131941125,63.62084723480142,238.54044408460982
141,149,Tenerife,945020,28.372222222222224,-16.653888888888886,786.4472,833.2832,,979242.81,978942.4164502328,300.3935497672064,35.49121080693037,264.90233896027604
142,150,Tenerife,945021,28.363611111111112,-16.6525,742.3142,789.3239,0.05,979251.19,978955.3304878344,295.85951216553804,55.46273749085153,240.3967746746865
143,151,Tenerife,945022,28.360833333333336,-16.65861111111111,713.67,760.711,0.05,979258.6,978963.9498127647,294.6501872353256,54.00226121167747,240.6479260236481
144,152,Tenerife,945023,28.364444444444445,-16.66111111111111,644.3351,691.2978,,979272.08,978985.6416202527,286.438379747211,47.36358164786986,239.07479809934114
145,153,Tenerife,945024,28.36916666666667,-16.65833333333333,579.2254,626.1059,0.05,979283.94,979006.1153881734,277.824611826567,41.10727482571703,236.71733700084997
146,154,Tenerife,945026,28.372222222222224,-16.653888888888886,514.5657,561.4017,,979298.38,979026.313453155,272.066546845017,35.205266496356764,236.86128034866024
147,155,Tenerife,945027,28.375,-16.6575,462.2838,509.0518,0.05,979307.8,979042.678533755,265.1214662450366,30.316275337044186,234.8051909079924
148,156,Tenerife,945028,28.37555555555556,-16.66333333333333,422.0304,468.7664,0.05,979316.59,979055.1529445036,261.4370554963825,26.58611238371501,234.85094311266752
149,157,Tenerife,945029,28.375,-16.66861111111111,394.4551,441.1825,0.05,979323.25,979063.6237828654,259.62621713464614,22.956913521572787,236.66930361307334
150,158,Tenerife,945031,28.37555555555556,-16.672222222222224,353.2834,399.9858,0.05,979332.12,979076.3798378616,255.74016213836148,19.991346000233325,235.74881613812815
151,159,Tenerife,945032,28.37444444444445,-16.678611111111113,331.0587,377.7579,0.05,979336.87,979083.1559994546,253.7140005454421,18.026178636992142,235.68782190844996
152,160,Tenerife,945033,28.377222222222223,-16.684444444444445,277.7031,324.3258,0.05,979348.22,979099.8564853538,248.3635146461893,12.89078267944509,235.4727319667442
153,161,Tenerife,946001,28.380277777777778,-16.584166666666665,341.1426,388.057,,979338.54,979080.4179557539,258.1220442461781,17.832148112410398,240.2898961337677
154,162,Tenerife,946002,28.385,-16.584166666666665,279.3562,326.1807,0.05,979351.3,979099.8714028047,251.4285971953068,12.636093910088858,238.79250328521795
155,163,Tenerife,946003,28.38833333333333,-16.584166666666665,234.408,281.1665,0.05,979360.75,979114.0161964234,246.73380357655697,8.781977122485953,237.951826454071
156,164,Tenerife,946004,28.391111111111112,-16.578611111111112,219.562,266.2791,0.05,979364.47,979118.8208804963,245.64911950367969,8.162488360709627,237.48663114297005
157,165,Tenerife,947001,28.31055555555556,-16.57,1992.3013,2040.2881,0.05,978993.91,978565.4355602835,428.47443971654866,173.02856408029447,255.4458756362542
158,166,Tenerife,947002,28.31222222222222,-16.56888888888889,1948.6405,1996.6112,0.05,979003.62,978579.0306804001,424.5893195999088,168.8687940894418,255.72052551046698
159,167,Tenerife,947003,28.314444444444444,-16.575277777777778,1903.9744,1951.9348,0.05,979013.26,978592.9762227382,420.28377726185136,164.8560415654971,255.42773569635426
160,168,Tenerife,947004,28.316666666666663,-16.57,1854.1841,1902.1181,0.05,979023.73,978608.5073534707,415.2226465293206,159.4640049351512,255.75864159416943
161,169,Tenerife,947006,28.316944444444445,-16.561944444444446,1804.0236,1851.9362,0.05,979035.47,978624.0048279369,411.46517206309363,154.8146357092702,256.65053635382344
162,170,Tenerife,947007,28.31972222222222,-16.55611111111111,1752.1928,1800.0568,0.05,979045.72,978640.2147683981,405.5052316018846,148.97827397897882,256.5269576229058
163,171,Tenerife,947008,28.321944444444444,-16.548333333333336,1709.8072,1757.6231,0.05,979054.23,978653.4699016329,400.76009836711455,144.34613367546558,256.41396469164897
164,172,Tenerife,947009,28.32138888888889,-16.54138888888889,1667.3432,1715.1353,0.05,979064.39,978666.5324606481,397.85753935191315,139.4840831688999,258.3734561830132
165,173,Tenerife,947010,28.32472222222222,-16.535555555555558,1618.4816,1666.2178,0.05,979076.03,978681.8717891931,394.15821080689784,136.13883952692,258.0193712799778
166,174,Tenerife,947011,28.33222222222222,-16.531388888888888,1558.8206,1606.4699,,979088.58,978700.8664292212,387.7135707787238,132.95653832028748,254.75703245843633
167,175,Tenerife,947013,28.33805555555556,-16.52722222222222,1508.4006,1555.9612,0.05,979099.04,978716.8860340017,382.15396599832457,127.84907090077736,254.30489509754722
168,176,Tenerife,947014,28.342222222222222,-16.522222222222222,1463.6732,1511.1619,0.05,979108.55,978731.0191584375,377.5308415625477,122.84571899257914,254.6851225699686
169,177,Tenerife,947015,28.34722222222222,-16.51527777777778,1399.0824,1446.4845,0.05,979122.92,978751.3472779066,371.572722093435,116.3185727874927,255.2541493059423
170,178,Tenerife,947017,28.34805555555556,-16.519444444444442,1351.2265,1398.6381,,979132.52,978766.1695520218,366.3504479782423,111.9377691350196,254.4126788432227
171,179,Tenerife,947018,28.34861111111111,-16.523055555555555,1305.782,1353.201,0.05,979142.39,978780.2279625522,362.1620374477934,108.3440140970844,253.818023350709
172,180,Tenerife,947019,28.35138888888889,-16.521944444444443,1245.3138,1292.6939,0.05,979155.29,978799.1033702538,356.18662974622566,103.29745681864352,252.88917292758214
173,181,Tenerife,947020,28.35527777777778,-16.514722222222222,1192.9268,1240.2277,0.05,979167.31,978815.5825629752,351.72743702481966,98.43584479040486,253.2915922344148
174,182,Tenerife,947021,28.357222222222223,-16.50638888888889,1144.0974,1191.3346,0.05,979178.95,978830.8130653966,348.1369346033316,93.89597841676144,254.24095618657017
175,183,Tenerife,947022,28.360833333333336,-16.49888888888889,1088.4835,1135.6433,0.05,979190.19,978848.2670878117,341.92291218822356,88.25392250272921,253.66898968549435
176,184,Tenerife,947024,28.363333333333333,-16.499722222222225,1033.4041,1080.5405,0.05,979201.98,978865.4561275592,336.5238724407973,83.28509519863933,253.23877724215794
177,185,Tenerife,947025,28.36555555555556,-16.506666666666668,984.2168,1031.3543,0.05,979211.62,978880.7991882976,330.82081170240417,79.08828072810272,251.73253097430145
178,186,Tenerife,947026,28.365,-16.514444444444443,927.4284,974.602,0.05,979222.75,978898.267314081,324.48268591903616,73.54395178304422,250.93873413599192
179,187,Tenerife,947027,28.36638888888889,-16.52138888888889,875.9419,923.117,0.05,979232.06,978914.2575035344,317.8024964656215,68.62720826144349,249.17528820417803
180,188,Tenerife,947028,28.366666666666667,-16.528333333333332,823.8254,871.0134,0.05,979242.03,978930.3550600994,311.6749399006367,63.17890448708727,248.4960354135494
181,189,Tenerife,947030,28.36611111111112,-16.534166666666668,841.7808,888.9894,0.05,979236.26,978924.7665695056,311.49343049444724,64.79298107578168,246.70044941866556
182,190,Tenerife,947031,28.36277777777778,-16.53527777777778,903.2445,950.5025,0.05,979224.66,978905.5352231058,319.12477689422667,70.850340808698,248.2744360855287
183,191,Tenerife,947032,28.36138888888889,-16.54361111111111,906.6331,953.9211,0.05,979223.26,978904.3755874106,318.88441258936655,72.07818512207032,246.80622746729622
184,192,Tenerife,947033,28.360833333333336,-16.551111111111112,874.1241,921.4282,0.05,979228.42,978914.3591525778,314.06084742222447,68.30797531228667,245.7528721099378
185,193,Tenerife,947035,28.359722222222224,-16.561111111111114,811.5305,858.8491,0.05,979241.42,978933.5841429044,307.8358570956625,62.26725801113537,245.56859908452714
186,194,Tenerife,947036,28.360833333333336,-16.570833333333333,742.0541,789.3463,0.05,979255.3,978955.1138727205,300.18612727953587,55.88930165312716,244.2968256264087
187,195,Tenerife,947037,28.3625,-16.571944444444444,694.3042,741.5663,0.05,979265.28,978969.9831426052,295.2968573948601,51.26727192707606,244.02958546778407
188,196,Tenerife,947038,28.36611111111112,-16.57638888888889,646.4191,693.6113,0.05,979274.57,978985.0535500621,289.51644993782975,46.76000437625071,242.75644556157903
189,197,Tenerife,947039,28.366666666666667,-16.583055555555557,594.5264,641.6969,0.05,979283.65,979001.1154291516,282.53457084845286,40.48339965161175,242.0511711968411
190,198,Tenerife,947040,28.369722222222222,-16.579722222222223,540.2625,587.3822,0.05,979296.45,979018.1071772942,278.34282270574477,35.76847698425755,242.57434572148722
191,199,Tenerife,947042,28.37388888888889,-16.572499999999998,504.0094,551.0646,0.05,979306.12,979029.6293307494,276.4906692506047,34.2158504953265,242.2748187552782
192,200,Tenerife,947043,28.3775,-16.575277777777778,433.2515,480.2345,0.05,979320.18,979051.7605922959,268.4194077041466,27.49152663378654,240.92788107036003
193,201,Tenerife,947044,28.3775,-16.579444444444444,399.6373,446.6128,,979326.26,979062.1366934115,264.1233065885026,23.770922514600024,240.35238407390258
194,202,Tenerife,10935002,28.05361111111112,-16.67888888888889,111.0242,155.9885,0.05,979372.15,979127.4670105412,244.68298945878632,0.9132038448970314,243.7697856138893
195,203,Tenerife,10935003,28.05388888888889,-16.678611111111113,109.6442,154.6164,,979371.9,979127.911341957,243.98865804297384,0.8096060367087061,243.17905200626512
196,204,Tenerife,10935004,28.05388888888889,-16.678611111111113,109.4228,154.395,,979371.91,979127.9796793059,243.9303206941113,0.7818079601100082,243.1485127340013
197,205,Tenerife,10935005,28.052777777777777,-16.676944444444445,116.5873,161.5365,,979368.07,979125.6921113593,242.37788864062168,1.715225095843909,240.66266354477776
198,206,Tenerife,10935006,28.051666666666662,-16.670833333333334,135.0607,180.0002,,979364.98,979119.9098735359,245.07012646412477,3.5552466648333976,241.51487979929138
199,207,Tenerife,10935007,28.051944444444445,-16.66444444444444,162.621,207.584,0.05,979358.93,979111.4168290799,247.513170920196,6.661640400737952,240.85153051945804
200,208,Tenerife,10935008,28.0525,-16.65888888888889,175.5397,220.5267,,979356.6,979107.4636819215,249.13631807849742,7.987610621701775,241.14870745679565
201,209,Tenerife,10935009,28.052777777777777,-16.653333333333332,181.4387,226.4427,0.05,979355.28,979105.6585263103,249.62147368968,8.609790571775498,241.01168311790448
202,210,Tenerife,10935010,28.05305555555556,-16.648055555555555,187.443,232.4586,,979353.55,979103.8225418899,249.72745811019558,9.104375829967426,240.62308228022815
203,211,Tenerife,10935011,28.05305555555556,-16.641111111111112,172.0028,217.0135,,979355.51,979108.5896711955,246.92032880452462,7.180713126040188,239.73961567848443
204,212,Tenerife,10935012,28.0525,-16.639166666666664,172.2327,217.2282,0.05,979355.47,979108.4817666092,246.98823339072987,7.719368769488935,239.26886462124094
205,213,Tenerife,10935013,28.050555555555555,-16.633055555555558,156.2203,201.1633,,979357.23,979113.2945076635,243.9354923365172,6.302725449875284,237.63276688664192
206,214,Tenerife,10935014,28.049722222222226,-16.62611111111111,144.0627,188.9684,,979357.66,979116.9960638273,240.66393617272843,5.057006962340802,235.60692921038762
207,215,Tenerife,10935015,28.05027777777778,-16.62361111111111,141.5831,186.4966,,979357.23,979117.8006324967,239.4293675032677,4.162520615577683,235.26684688769004
208,216,Tenerife,10935016,28.050555555555555,-16.62361111111111,145.677,190.5973,,979355.47,979116.5557474422,238.91425255779177,4.717191036775551,234.19706152101622
209,217,Tenerife,10935017,28.050555555555555,-16.62361111111111,146.0857,191.006,,979356.39,979116.4296001791,239.96039982093498,4.792968883895739,235.16743093703923
210,218,Tenerife,10935018,28.05138888888889,-16.611944444444447,133.0762,177.9834,,979357.05,979120.5115542562,236.53844574384857,3.6364094165511913,232.90203632729737
211,219,Tenerife,10935019,28.051944444444445,-16.60888888888889,126.4038,171.3136,,979356.74,979122.6118721969,234.12812780309469,3.348113333081995,230.7800144700127
212,220,Tenerife,10935020,28.05305555555556,-16.598055555555554,132.8946,177.79,,979353.02,979120.6961580804,232.32384191965684,3.883196550549511,228.44064536910733
213,221,Tenerife,10935021,28.05527777777778,-16.59111111111111,142.5432,187.457,0.05,979352.14,979117.8789338504,234.26106614957098,4.710139232070398,229.5509269175006
214,222,Tenerife,10935022,28.055,-16.59111111111111,142.2982,187.2053,,979352.15,979117.9358026778,234.2141973222606,4.63234679947004,229.58185052279055
215,223,Tenerife,10935023,28.056944444444444,-16.585555555555555,144.7292,189.6535,,979351.2,979117.325893897,233.8741061029723,4.8406779626164615,229.03342814035582
216,224,Tenerife,10935024,28.059444444444445,-16.579444444444444,140.9274,185.8714,,979351.63,979118.6806500002,232.94934999977704,4.6641020429988815,228.28524795677816
217,225,Tenerife,10935025,28.06277777777778,-16.57361111111111,135.0054,179.9858,,979352.56,979120.7471472296,231.81285277043935,3.925682959588437,227.8871698108509
218,226,Tenerife,10935026,28.06305555555556,-16.573888888888888,136.9795,181.9682,,979352.1,979120.1560906245,231.94390937546268,4.220142344702638,227.72376703076003
219,227,Tenerife,10935027,28.064444444444444,-16.57111111111111,138.423,183.424,0.05,979351.51,979119.810868894,231.69913110602647,4.262492834179458,227.43663827184702
220,228,Tenerife,10935028,28.06805555555556,-16.56277777777778,158.0336,203.0547,0.05,979346.54,979114.0224935823,232.51750641770195,6.344753979626366,226.17275243807558
221,229,Tenerife,10935029,28.060277777777777,-16.7,113.8202,158.8592,0.05,979372.93,979127.0806343403,245.8493656597566,0.442953336138019,245.40641232361855
222,230,Tenerife,10935030,28.059166666666663,-16.690833333333334,153.2892,198.3442,0.05,979363.14,979114.8100405858,248.32995941420086,4.864060542713792,243.46589887148707
223,231,Tenerife,10935031,28.05527777777778,-16.68305555555556,122.3232,167.317,0.05,979368.76,979124.0952819402,244.66471805982292,1.4605262428530437,243.20419181696988
224,233,Tenerife,10936002,28.48888888888889,-16.316111111111113,550.3147,595.133,0.05,979300.53,979024.7253133819,275.80468661815394,44.90183581890145,230.9028507992525
225,234,Tenerife,10936003,28.48888888888889,-16.31638888888889,561.4062,606.227,,979300.68,979021.3017872947,279.37821270537097,44.78743610057232,234.59077660479863
226,235,Tenerife,10936004,28.49,-16.328888888888887,572.7143,617.6251,,979299.32,979017.8685618988,281.45143810112495,47.03392964892373,234.41750845220122
227,236,Tenerife,10936005,28.49,-16.335833333333333,585.2092,630.1714,,979298.74,979013.9969091758,284.74309082422405,47.945602652202425,236.79748817202164
228,237,Tenerife,10936006,28.489722222222223,-16.340277777777775,600.7341,645.728,0.05,979296.21,979009.1753105805,287.0346894194372,49.48409912356724,237.55059029586997
229,238,Tenerife,10936007,28.49,-16.344166666666666,602.3576,647.3738,,979295.79,979008.6884714004,287.10152859962545,48.4973046473891,238.60422395223634
230,239,Tenerife,10936008,28.49,-16.348055555555554,627.9534,672.9948,,979290.42,979000.7822423723,289.63775762775913,51.38083317466442,238.2569244530947
231,240,Tenerife,10936009,28.49083333333333,-16.35611111111111,625.3965,670.469,,979294.01,979001.6247549349,292.3852450650884,50.54056248533508,241.8446825797533
232,241,Tenerife,10936010,28.490833,-16.356111,626.9003,671.9729,,979294.23,979001.1606527478,293.06934725213796,50.49818217853877,242.5711650735992
233,242,Tenerife,10936011,28.49138888888889,-16.362222222222222,627.6065,672.7,,979294.02,979000.9783722232,293.04162777680904,50.89576408216183,242.1458636946472
234,243,Tenerife,10936012,28.492222222222225,-16.366666666666667,618.2933,663.396,0.05,979297.12,979003.9125239161,293.20747608388774,50.00537344013424,243.2021026437535
235,244,Tenerife,10936013,28.492222222222225,-16.373055555555556,610.9643,656.0859,0.05,979298.68,979006.1683037198,292.5116962802131,49.18141086792502,243.33028541228805
236,245,Tenerife,10936014,28.492222222222225,-16.378611111111113,606.0127,651.1507,,979299.02,979007.6912318071,291.32876819290686,48.449614063114176,242.87915412979268
237,246,Tenerife,10936015,28.48805555555556,-16.38222222222222,595.8862,641.0946,,979300.82,979010.4789283957,290.3410716042854,47.45825789481748,242.8828137094679
238,247,Tenerife,10936016,28.48777777777778,-16.383055555555558,589.3885,634.6036,,979301.89,979012.4609372955,289.4290627045557,46.64781834094242,242.78124436361327
239,248,Tenerife,10936017,28.487222222222226,-16.38722222222222,581.5508,626.7807,0.05,979302.45,979014.8329314545,287.6170685454272,46.07574621689638,241.54132232853078
240,249,Tenerife,10936018,28.484166666666667,-16.390277777777776,592.659,637.9391,0.05,979299.07,979011.1582586081,287.91174139187206,46.904966772478616,241.00677461939344
241,250,Tenerife,10936019,28.480555555555554,-16.397777777777776,587.123,632.4667,,979297.45,979012.5736107198,284.8763892801944,45.87092650179398,239.00546277840044
242,251,Tenerife,10936020,28.479166666666664,-16.4,588.7271,634.0946,,979295.56,979011.9661269729,283.59387302713003,45.44878824372754,238.1450847834025
243,252,Tenerife,10936021,28.4775,-16.4025,582.1926,627.5856,,979295.89,979013.8485722563,282.0414277437376,44.80457448563753,237.23685325810004
244,253,Tenerife,10936022,28.47611111111111,-16.40861111111111,576.7825,622.2018,,979294.97,979015.4048283871,279.5651716128923,43.87802067280589,235.6871509400864
245,254,Tenerife,10936023,28.47611111111111,-16.411944444444444,551.1386,596.5616,,979297.57,979023.3171735991,274.2528264007997,40.35127670573196,233.90154969506773
246,255,Tenerife,10936024,28.474444444444444,-16.416944444444447,536.6205,582.0738,,979298.93,979027.6618798247,271.26812017534394,38.154532664692006,233.11358751065194
247,256,Tenerife,10936025,28.4725,-16.4225,508.3733,553.8568,,979302.39,979036.2224088614,266.16759113862645,34.45665681735089,231.71093432127554
248,257,Tenerife,10936026,28.47277777777777,-16.428055555555556,468.0126,513.4928,,979308.01,979048.6998596503,259.3101403496694,27.84278170577229,231.4673586438971
249,258,Tenerife,10936027,28.470277777777778,-16.43305555555556,466.9643,512.4857,0.05,979308.22,979048.8214538286,259.3985461713746,29.692133507517887,229.70641266385672
250,259,Tenerife,10936028,28.470277777777778,-16.433333333333334,465.163,510.6845,,979308.65,979049.3773142775,259.27268572256435,29.3691799876329,229.90350573493146
251,260,Tenerife,10936029,28.46555555555556,-16.436944444444446,433.7189,479.313,,979314.74,979058.7014597231,256.0385402769316,26.13478486915509,229.90375540777652
252,261,Tenerife,10936030,28.46333333333333,-16.442222222222224,416.807,462.4318,,979316.55,979063.7430414984,252.80695850169286,23.73259211588452,229.07436638580833
253,262,Tenerife,10936031,28.461388888888887,-16.445555555555554,396.524,442.1773,,979320.5,979069.8467438343,250.6532561656786,21.90287398956679,228.75038217611183
254,263,Tenerife,10936032,28.459444444444443,-16.449166666666667,376.5065,422.1892,,979323.43,979075.868296748,247.56170325202402,18.409724390854947,229.15197886116908
255,264,Tenerife,10936033,28.459444444444443,-16.448888888888888,376.1132,421.796,,979323.44,979075.9896456143,247.45035438565537,18.553599955829156,228.89675442982622
256,265,Tenerife,10936034,28.45805555555556,-16.45138888888889,359.9371,405.6398,,979325.13,979080.8706898309,244.25931016914546,14.304382169206226,229.95492799993923
257,266,Tenerife,10936035,28.454722222222223,-16.45722222222222,345.1897,390.9392,,979329.28,979085.155440862,244.1245591379702,14.12872584338389,229.9958332945863
258,267,Tenerife,10936036,28.45138888888889,-16.459722222222222,328.7105,374.512,,979334.46,979089.9731159294,244.48688407056034,13.269344143243249,231.2175399273171
259,268,Tenerife,10936037,28.44333333333333,-16.46611111111111,311.7077,357.6318,,979339.36,979094.5734922265,244.78650777344592,13.18870025778286,231.59780751566305
260,269,Tenerife,10936038,28.43888888888889,-16.471666666666664,278.4725,324.4658,,979347.31,979104.473413062,242.8365869380068,10.44254368764519,232.39404325036162
261,270,Tenerife,10936039,28.43694444444445,-16.47583333333333,266.7258,312.7514,,979349.97,979107.9418316564,242.02816834358964,9.415503665415113,232.61266467817453
262,271,Tenerife,10936040,28.434722222222224,-16.47972222222222,240.3571,286.4213,,979356.42,979115.9002254875,240.51977451250423,8.257630102245823,232.2621444102584
263,272,Tenerife,10936041,28.432222222222222,-16.484166666666667,230.8681,276.9745,,979359.14,979118.6268447114,240.51315528864507,6.954596346224544,233.55855894242052
264,273,Tenerife,10936042,28.42833333333333,-16.488333333333333,247.9252,294.0899,,979356.2,979113.0503383937,243.1496616062941,9.273290959807364,233.87637064648675
265,274,Tenerife,10936043,28.42666666666667,-16.49388888888889,260.054,306.2429,,979353.67,979109.1734722123,244.49652778776363,10.533005955929118,233.9635218318345
266,275,Tenerife,10936044,28.42666666666667,-16.49361111111111,257.8761,304.0652,,979354.18,979109.8455885564,244.3344114436768,10.032942658707778,234.30146878496902
267,277,Tenerife,10936046,28.42,-16.502777777777776,289.4176,335.7176,0.05,979347.13,979099.5726141856,247.55738581437618,10.539102123083191,237.018283691293
268,278,Tenerife,10936047,28.41638888888889,-16.50583333333333,282.5062,328.8673,0.05,979349.24,979101.4138813452,247.8261186548043,10.17015830445413,237.65596035035017
269,279,Tenerife,10936048,28.411388888888887,-16.509166666666665,251.5812,298.0247,0.05,979357.3,979110.5550805625,246.74491943756584,6.666910209623456,240.07800922794237
270,280,Tenerife,10936049,28.411666666666665,-16.509166666666665,249.494,295.9328,,979357.79,979111.2217118809,246.56828811916057,6.365827193430471,240.2024609257301
271,281,Tenerife,10936050,28.411388888888887,-16.509444444444444,247.9886,294.432,,979358.13,979111.6639216999,246.46607830014545,7.482805399000019,238.98327290114543
272,282,Tenerife,10936051,28.40583333333333,-16.511666666666667,233.8727,280.4103,,979363.48,979115.5717229447,247.90827705524862,8.286695570524653,239.62158148472398
273,283,Tenerife,10936052,28.40194444444444,-16.518055555555556,239.2574,285.8626,,979364.44,979113.5950759101,250.84492408984806,9.97749228808735,240.86743180176072
274,284,Tenerife,10936053,28.398611111111112,-16.522222222222222,263.442,310.102,,979360.05,979105.8620442365,254.18795576354023,12.439332916297907,241.74862284724233
275,285,Tenerife,10936054,28.397777777777776,-16.529166666666665,246.533,293.2045,,979363.85,979111.014270266,252.83572973392438,11.047447315788226,241.78828241813616
276,286,Tenerife,10936055,28.3975,-16.529444444444444,245.1782,291.8545,,979363.96,979111.4099449092,252.55005509080365,11.193529307043177,241.35652578376047
277,287,Tenerife,10936056,28.397222222222226,-16.535,211.4053,258.0835,,979371.62,979121.8120552349,249.80794476508163,7.65093867169419,242.15700609338745
278,288,Tenerife,10936057,28.396666666666665,-16.538611111111113,188.0897,234.774,,979376.16,979128.9644342568,247.19556574325543,4.8802421801217,242.31532356313372
279,289,Tenerife,10936058,28.397777777777776,-16.544722222222223,177.7591,224.4163,,979377.06,979132.2452525666,244.81474743341096,4.815870669597564,239.9988767638134
280,290,Tenerife,10936059,28.39638888888889,-16.55,201.3601,248.0373,,979371.75,979124.8497927464,246.90020725363865,6.320021189814978,240.58018606382367
281,291,Tenerife,10936060,28.395,-16.55138888888889,203.0975,249.798,,979371.28,979124.2014352351,247.0785647649318,6.951586555024633,240.12697820990718
282,292,Tenerife,10936061,28.394166666666667,-16.556944444444444,209.3768,256.0828,,979368.82,979122.1987165777,246.62128342222422,5.872008296866701,240.7492751253575
283,293,Tenerife,10936062,28.39333333333333,-16.565,201.6887,248.3957,,979369.1,979124.5083383798,244.59166162018664,3.979851508241956,240.6118101119447
284,294,Tenerife,10936063,28.3925,-16.56972222222222,196.296,243.008,,979369.59,979126.1082710726,243.48172892734874,3.250254899698406,240.23147402765034
285,295,Tenerife,10936064,28.39361111111111,-16.574444444444445,212.7046,259.3837,,979365.7,979121.1379476527,244.56205234723166,7.830014168809681,236.732038178422
286,296,Tenerife,10937002,28.48,-16.31888888888889,547.312,592.2215,0.05,979300.1,979024.9508612152,275.14913878473453,44.34358032235776,230.80555846237678
287,297,Tenerife,10937003,28.475277777777777,-16.32361111111111,587.4816,632.4643,0.05,979290.94,979012.1748618092,278.76513819070533,47.96403219292024,230.8011059977851
288,298,Tenerife,10937004,28.475277777777777,-16.333888888888886,651.2269,696.3041,0.05,979280.48,978992.4749578888,288.00504211115185,54.03743458284655,233.9676075283053
289,299,Tenerife,10937005,28.47083333333333,-16.342499999999998,701.6343,746.816,0.05,979268.36,978976.5518639982,291.80813600181136,58.335896234282,233.47223976752935
290,300,Tenerife,10937006,28.46444444444444,-16.350555555555555,729.9433,775.2421,0.05,979263.34,978967.2969538117,296.0430461883079,61.18689649611392,234.856149692194
291,301,Tenerife,10937007,28.459166666666665,-16.359444444444446,827.6861,873.0887,0.05,979240.52,978936.7060268602,303.8139731398551,69.18952412036131,234.62444901949377
292,302,Tenerife,10937008,28.45138888888889,-16.366944444444446,900.9147,946.4357,0.05,979219.64,978913.4865306267,306.1534693733556,75.63033404187065,230.52313533148498
293,303,Tenerife,10937010,28.445833333333333,-16.366666666666667,936.0057,981.5607,,979209.2,978902.2288138124,306.97118618758395,78.34714226712163,228.62404392046233
294,304,Tenerife,10937011,28.439722222222223,-16.373333333333335,962.8099,1008.453,0.05,979201.88,978893.4693711163,308.4106288837502,80.60761350705386,227.80301537669632
295,305,Tenerife,10937012,28.43305555555556,-16.374166666666667,1014.278,1059.9723,,979187.15,978877.0699651078,310.0800348921912,83.88520669203464,226.19482820015654
296,306,Tenerife,10937013,28.427222222222223,-16.377222222222223,1060.2832,1106.0322,0.05,979175.33,978862.4183529188,312.9116470811423,87.574481549797,225.3371655313453
297,307,Tenerife,10937015,28.42638888888889,-16.385833333333334,1113.5349,1159.3608,0.05,979167.64,978845.9026326541,321.7373673459515,92.54965821772306,229.18770912822845
298,308,Tenerife,10937016,28.430833333333336,-16.380833333333335,1182.8633,1228.6254,,979146.67,978824.870077171,321.7999228290282,95.77997370998604,226.01994911904217
299,309,Tenerife,10937017,28.432222222222222,-16.39,1261.0123,1306.8331,,979130.96,978800.8483261784,330.11167382157873,102.37804029703352,227.7336335245452
300,310,Tenerife,10937018,28.42833333333333,-16.397222222222222,1319.0617,1364.9579,0.05,979121.17,978782.6235661951,338.546433804906,108.63343554282469,229.9129982620813
301,311,Tenerife,10937019,28.419444444444444,-16.400277777777777,1370.1671,1416.149,,979105.78,978766.1601824609,339.61981753911823,111.22652048419766,228.39329705492057
302,312,Tenerife,10937021,28.413888888888888,-16.40583333333333,1410.1505,1456.2076,,979097.57,978753.3832791133,344.18672088661697,115.9256158479326,228.26110503868438
303,313,Tenerife,10937022,28.41444444444444,-16.416666666666668,1453.9225,1500.0572,,979087.71,978739.8991734136,347.8108265863266,119.19965429643868,228.61117228988792
304,314,Tenerife,10937023,28.410833333333333,-16.416944444444447,1527.2554,1573.4156,,979071.35,978716.9982961538,354.35170384612866,122.52547442113666,231.826229424992
305,315,Tenerife,10937024,28.407777777777778,-16.422777777777778,1607.5797,1653.7992,,979052.86,978691.9733478891,360.886652110843,126.9756942602008,233.9109578506422
306,316,Tenerife,10937026,28.3975,-16.426111111111112,1667.5206,1713.8403,,979038.91,978672.6778305159,366.23216948413756,130.3926035804783,235.83956590365926
307,317,Tenerife,10937027,28.39555555555556,-16.432222222222222,1700.3374,1746.7202,0.05,979031.26,978662.3897871546,368.87021284538787,132.38474092559315,236.48547191979472
308,318,Tenerife,10937028,28.392222222222223,-16.43861111111111,1709.5584,1756.012,,979031.86,978659.2721044695,372.58789553050883,134.70853024230797,237.87936528820086
309,319,Tenerife,20935033,28.0725,-16.547222222222224,157.3612,202.3545,0.05,979344.0,979114.5718471743,229.42815282568336,6.221151792713288,223.20700103297006
310,320,Tenerife,20935034,28.072777777777777,-16.540000000000003,135.849,180.7803,,979348.82,979121.2516523872,227.56834761274513,4.07110373616458,223.49724387658054
311,321,Tenerife,20935035,28.07333333333333,-16.53388888888889,136.5808,181.4661,,979344.87,979121.0816329826,223.7883670174051,4.1262881925027575,219.66207882490235
312,322,Tenerife,20935036,28.07555555555556,-16.529166666666665,136.4744,181.3572,,979345.04,979121.2818790441,223.75812095589936,1.488627054624316,222.26949390127504
313,323,Tenerife,20935037,28.078611111111112,-16.526666666666667,112.1861,157.1061,,979349.95,979128.996306436,220.95369356393348,1.0955371781465713,219.8581563857869
314,324,Tenerife,20935038,28.08083333333333,-16.524444444444445,101.3778,146.3201,0.05,979352.47,979132.4921709921,219.97782900789753,0.5681389709205915,219.40969003697694
315,325,Tenerife,20935039,28.084444444444443,-16.515833333333333,94.6839,139.6075,,979352.92,979134.8349236967,218.0850763033377,-0.5012401121180753,218.58631641545577
316,326,Tenerife,20935040,28.084444444444443,-16.515833333333333,95.1997,140.1233,,979352.71,979134.6757157968,218.03428420319688,-0.397745024190813,218.4320292273877
317,327,Tenerife,20935041,28.08722222222222,-16.510555555555555,81.6857,126.6073,,979353.94,979139.0559517171,214.8840482828673,-1.806100461439675,216.69014874430698
318,328,Tenerife,20935042,28.09111111111111,-16.508055555555554,80.5336,125.5044,,979356.56,979139.6880854231,216.8719145769719,-2.059724621233996,218.9316391982059
319,329,Tenerife,20935043,28.09472222222222,-16.505,89.8838,134.8906,,979351.43,979137.0618046457,214.36819535435643,-0.8013031183103096,215.16949847266673
320,330,Tenerife,20935044,28.09638888888889,-16.50111111111111,89.2937,134.2874,0.05,979351.74,979137.3730266604,214.36697333958,-0.7590395676800454,215.12601290726005
321,331,Tenerife,20935045,28.10305555555556,-16.49388888888889,77.3103,122.345,,979354.94,979141.5594066875,213.38059331243858,-2.1723918442633,215.55298515670188
322,332,Tenerife,20935046,28.106944444444444,-16.491111111111113,73.6312,118.7056,,979356.02,979142.9745777241,213.0454222758999,-2.2057203460529915,215.2511426219529
323,333,Tenerife,20935047,28.111111111111114,-16.485,78.0081,123.0854,,979354.11,979141.9353783777,212.17462162231095,-2.4689125155120544,214.643534137823
324,334,Tenerife,20935048,28.11416666666667,-16.480555555555554,77.9368,123.0141,,979354.05,979142.1867117661,211.863288233988,-3.47519446301202,215.33848269700002
325,335,Tenerife,20935049,28.11583333333333,-16.47722222222222,77.2661,122.3303,,979354.17,979142.5228700851,211.64712991495617,-3.2260010169421625,214.87313093189832
326,336,Tenerife,20935050,28.11694444444445,-16.476666666666667,63.1931,108.2699,,979356.04,979146.9462279591,209.09377204091288,-3.4406611976414148,212.5344332385543
327,337,Tenerife,20935051,28.12027777777778,-16.473055555555554,53.8163,98.9035,,979357.73,979150.0875357112,207.6424642887432,-5.116550452213625,212.75901474095684
328,338,Tenerife,20935052,28.12444444444445,-16.469166666666666,74.0839,119.1922,,979352.98,979144.1378854108,208.84211458917707,-2.5467665038107263,211.3888810929878
329,339,Tenerife,20935053,28.1275,-16.466944444444444,75.0134,120.1456,,979352.79,979144.0730017801,208.7169982199557,-3.118446583323422,211.83544480327913
330,340,Tenerife,20935054,28.13083333333333,-16.464444444444442,57.3245,102.4807,,979358.07,979149.775824728,208.29417527199257,-5.023737361760487,213.31791263375305
331,341,Tenerife,20935055,28.134722222222223,-16.461666666666666,72.7993,117.9834,,979354.62,979145.282673875,209.33732612500899,-4.099182839849922,213.43650896485892
332,342,Tenerife,20935056,28.13833333333333,-16.45888888888889,92.5721,137.7774,0.05,979350.41,979139.444162183,210.96583781705704,-0.7387987924290347,211.70463660948607
333,343,Tenerife,20935057,28.13861111111111,-16.459166666666665,92.0087,137.2224,,979350.7,979139.636330064,211.06366993591655,-1.140723387426839,212.2043933233434
334,344,Tenerife,20935058,28.140833333333333,-16.45722222222222,84.0746,129.2977,0.05,979353.16,979142.2492775475,210.9107224525651,-1.5809182072940102,212.49164065985912
335,345,Tenerife,20935059,28.14611111111111,-16.45138888888889,69.749,114.9758,,979355.01,979147.0663306422,207.94366935780272,-3.2510790775361165,211.19474843533882
336,346,Tenerife,20935060,28.146111,-16.451389,67.3451,112.5719,,979354.72,979147.8083231897,206.91167681023944,-3.6881909949112135,210.59986780515067
337,347,Tenerife,20935061,28.15083333333333,-16.44527777777778,64.6636,109.8813,0.05,979355.05,979148.9935375868,206.05646241328213,-3.598274534642297,209.65473694792442
338,348,Tenerife,20935062,28.15111111111111,-16.44527777777778,60.9395,106.1615,,979355.5,979150.1625808694,205.33741913060658,-4.347270671859726,209.6846898024663
339,349,Tenerife,20935063,28.154722222222222,-16.4425,46.4533,91.6922,,979359.19,979154.900061258,204.28993874194566,-6.1673707572178005,210.45730949916347
340,350,Tenerife,20935064,28.15833333333333,-16.439166666666665,28.9521,74.1993,0.05,979363.64,979160.5708916489,203.06910835113376,-7.401478765279991,210.47058711641375
341,351,Tenerife,20935065,28.16361111111111,-16.435555555555556,26.3401,71.616,0.05,979364.72,979161.7648372629,202.9551627370529,-7.5607834413546255,210.51594617840752
342,352,Tenerife,20935066,28.16555555555556,-16.434722222222224,44.5173,89.8106,,979361.27,979156.2948190741,204.9751809259178,-6.73648602947531,211.71166695539313
343,353,Tenerife,20935067,28.1675,-16.433888888888887,44.6969,90.0069,,979361.25,979156.3803457917,204.8696542083053,-5.705197450478015,210.5748516587833
344,354,Tenerife,20935068,28.16916666666667,-16.433333333333334,45.8193,91.1453,,979361.01,979156.1542070104,204.8557929896051,-5.911509168260034,210.76730215786515
345,355,Tenerife,20935069,28.17083333333333,-16.432222222222222,46.2503,91.5841,0.05,979361.37,979156.144017786,205.22598221397493,-5.541054586715575,210.7670368006905
346,356,Tenerife,20935070,28.17833333333333,-16.430833333333336,30.4336,75.8545,,979364.77,979161.5629732844,203.20702671562321,-7.823513354410635,211.03054007003385
347,357,Tenerife,20935071,28.18138888888889,-16.43,34.4058,79.858,,979363.7,979160.5568970622,203.14310293772724,-6.88032958043596,210.0234325181632
348,358,Tenerife,20935072,28.185277777777777,-16.429166666666667,34.8465,80.3405,,979363.56,979160.700315086,202.85968491400126,-7.237883066249691,210.09756798025094
349,359,Tenerife,20935073,28.189444444444444,-16.428055555555556,21.706,67.24,,979367.69,979165.0573225014,202.63267749850638,-8.33440439470034,210.9670818932067
350,360,Tenerife,20935074,28.192777777777778,-16.427222222222223,32.454,78.0206,,979365.32,979161.9802945064,203.33970549353398,-7.398413935349557,210.73811942888355
351,361,Tenerife,20935075,28.196944444444444,-16.42638888888889,54.6375,100.2478,,979360.78,979155.432771021,205.34722897899337,-6.527362694589083,211.87459167358244
352,362,Tenerife,20935076,28.20083333333333,-16.42638888888889,54.6229,100.2849,,979360.74,979155.7137774635,205.02622253645677,-5.329418477246684,210.35564101370346
353,363,Tenerife,20935077,28.205,-16.426111111111112,57.2499,102.9589,,979360.28,979155.2017796022,205.07822039781604,-5.088710278227518,210.16693067604356
354,364,Tenerife,20935078,28.210833333333333,-16.424444444444447,61.6884,107.4428,0.05,979360.21,979154.2565302455,205.95346975442953,-4.880557673287288,210.83402742771682
355,365,Tenerife,20935079,28.215,-16.42138888888889,69.9766,115.7328,,979359.53,979152.0111450832,207.51885491679423,-4.250151738023585,211.76900665481782
356,367,Tenerife,20935081,28.221944444444443,-16.415555555555553,41.3071,87.0491,,979364.92,979161.3873358775,203.5326641225256,-7.692214550013168,211.22487867253878
357,368,Tenerife,20935082,28.223888888888887,-16.414166666666667,42.6954,88.4366,,979364.92,979161.1053687346,203.8146312654717,-7.173902311520043,210.98853357699173
358,369,Tenerife,20935083,28.225555555555555,-16.412777777777777,42.4586,88.1957,,979364.9,979161.3051414833,203.59485851670615,-7.4702961697438495,211.06515468645
359,370,Tenerife,20935084,28.22805555555556,-16.410555555555554,41.1425,86.8708,0.05,979365.69,979161.9022275553,203.7877724446589,-7.0387446051844345,210.82651704984335
360,371,Tenerife,20935085,28.232777777777777,-16.40833333333333,28.4492,74.193,,979371.0,979166.1708688517,204.8291311482899,-9.304136922101256,214.13326807039115
361,372,Tenerife,20935086,28.23777777777778,-16.40611111111111,27.3056,73.0592,0.05,979371.93,979166.8971751019,205.03282489813864,-8.744061666983697,213.77688656512234
362,373,Tenerife,20935088,28.247777777777777,-16.40111111111111,24.7794,70.5386,0.05,979374.39,979168.4280129989,205.9619870011229,-9.470912539353682,215.4328995404766
363,374,Tenerife,20935089,28.247777777777777,-16.40138888888889,23.835,69.5991,,979374.53,979168.7180095746,205.81199042545632,-9.403413416109498,215.2154038415658
364,375,Tenerife,20935090,28.249722222222225,-16.399722222222223,32.8184,78.5714,,979372.85,979166.0949231174,206.75507688254584,-8.6625621300683,215.41763901261413
365,376,Tenerife,20935091,28.25888888888889,-16.395,36.6722,82.4243,,979377.92,979165.5959038001,212.32409619993996,-9.016465749989711,221.34056194992968
366,377,Tenerife,20935092,28.26111111111112,-16.3925,36.7727,82.5015,,979377.19,979165.7394309308,211.45056906912941,-8.302385505944546,219.75295457507397
367,378,Tenerife,20935093,28.264166666666668,-16.389444444444443,36.3312,82.0338,,979378.27,979166.1139247359,212.1560752640944,-8.4199486801083,220.5760239442027
368,379,Tenerife,20935094,28.26861111111111,-16.3875,24.5167,70.2184,,979382.37,979170.0957484546,212.27425154543016,-9.640574546899822,221.91482609232997
369,380,Tenerife,20935095,28.2725,-16.386388888888888,33.0349,78.7412,,979382.14,979167.7579578512,214.382042148849,-8.704965033248264,223.08700718209727
370,381,Tenerife,20935096,28.28111111111111,-16.384722222222223,28.8146,74.5446,,979383.68,979169.7020811565,213.9779188435059,-9.986143055246387,223.96406189875228
371,382,Tenerife,20935097,28.282777777777778,-16.384722222222223,29.4347,75.1747,,979383.52,979169.6331691599,213.88683084014338,-9.868623961666415,223.75545480180978
372,383,Tenerife,20935098,28.2825,-16.384722222222223,22.25,67.9883,0.05,979385.46,979171.83046988,213.6295301199425,-11.878028137069922,225.50755825701242
373,384,Tenerife,20935099,28.28861111111112,-16.384166666666665,28.5475,74.31,,979387.65,979170.3396484987,217.3103515013354,-8.481625386076319,225.79197688741172
374,385,Tenerife,20935100,28.293333333333337,-16.383055555555558,45.2129,90.9822,,979385.58,979165.5493441136,220.03065588639583,-6.736518087774787,226.76717397417062
375,386,Tenerife,20935101,28.299444444444447,-16.3825,62.1022,107.8952,0.05,979383.34,979160.7894853837,222.550514616305,-4.197367104187803,226.7478817204928
376,387,Tenerife,20936066,28.391944444444444,-16.58,202.7886,249.4862,,979367.07,979124.0668416,243.00315839995164,6.212848996890415,236.79030940306123
377,388,Tenerife,20936067,28.39388888888889,-16.585833333333333,177.9285,224.572,0.05,979370.46,979131.9033985679,238.55660143203568,3.609765428518427,234.94683600351726
378,389,Tenerife,20936068,28.391944444444444,-16.59,153.4642,200.1337,,979375.05,979139.2993806159,235.7506193841109,-0.4150910699429332,236.16571045405385
379,390,Tenerife,20936069,28.392777777777777,-16.591666666666665,147.6776,194.3256,,979376.23,979141.155012403,235.07498759694863,-0.8361890786498503,235.91117667559848
380,391,Tenerife,20936070,28.39527777777778,-16.59472222222222,126.3895,172.9788,,979379.1,979147.9326432204,231.16735677956603,-3.1995403844291586,234.3668971639952
381,392,Tenerife,20936071,28.39527777777778,-16.594444444444445,125.1882,171.7784,,979379.52,979148.3031531308,231.2168468692107,-3.45914279765398,234.6759896668647
382,393,Tenerife,20936072,28.39472222222222,-16.595,123.3061,169.9056,,979379.68,979148.8392332108,230.84076678927522,-4.745742125182291,235.5865089144575
383,394,Tenerife,20936073,28.394166666666667,-16.596666666666664,94.5333,141.1388,,979383.67,979157.6763612853,225.99363871477544,-8.407627229647094,234.40126594442253
384,395,Tenerife,20936074,28.391666666666666,-16.605555555555558,86.2812,132.9062,0.05,979381.15,979160.0285840003,221.121415999718,-14.9271735795406,236.04858957925862
385,396,Tenerife,20936075,28.3925,-16.611111111111114,89.1291,135.7176,0.05,979379.88,979159.2237654369,220.6562345630955,-13.394958560448051,234.05119312354356
386,397,Tenerife,20936076,28.39305555555556,-16.616388888888892,91.3484,137.9069,,979378.48,979158.5899827357,219.89001726428978,-13.194510762615694,233.08452802690547
387,398,Tenerife,20936077,28.39305555555556,-16.616666666666667,91.5427,138.1002,,979378.25,979158.530318672,219.71968132804614,-12.96473123696973,232.68441256501586
388,399,Tenerife,20936078,28.392222222222223,-16.622777777777777,106.5871,153.1391,,979376.9,979153.8254713318,223.07452866819222,-9.285097575678272,232.35962624387048
389,400,Tenerife,20936079,28.3925,-16.62777777777778,111.083,157.6115,0.05,979375.96,979152.4660137182,223.49398628179915,-7.769239568595227,231.26322585039438
390,401,Tenerife,20936080,28.39388888888889,-16.633333333333333,78.8826,125.3636,0.05,979382.75,979162.5245665589,220.22543344111182,-11.90967668959389,232.1351101307057
391,402,Tenerife,20936081,28.39305555555556,-16.639444444444443,69.0994,115.577,,979385.12,979165.4823743359,219.63762566412333,-12.752708403533164,232.3903340676565
392,403,Tenerife,20936082,28.39305555555556,-16.639722222222222,68.4495,114.9262,,979385.56,979165.683252649,219.87674735102337,-13.45586723262331,233.3326145836467
393,404,Tenerife,20936083,28.39361111111111,-16.645555555555553,66.9423,113.3893,,979386.67,979166.1996063546,220.47039364546072,-11.506876682573443,231.97727032803417
394,405,Tenerife,20936084,28.39388888888889,-16.641666666666666,76.153,122.6072,,979385.8,979163.3753635795,222.424636420561,-10.141630223164375,232.56626664372538
395,406,Tenerife,20936085,28.39444444444445,-16.654166666666665,66.5136,112.9153,0.05,979388.24,979166.4088664879,221.83113351208158,-7.739895968065014,229.5710294801466
396,407,Tenerife,20936086,28.39361111111111,-16.659444444444443,112.6902,159.0889,,979379.48,979152.0939395945,227.38606040552258,-2.7089907978271444,230.09505120334973
397,408,Tenerife,20936087,28.391111111111112,-16.660555555555554,117.69,164.1327,,979378.25,979150.3482819397,227.9017180602532,-3.618685440700379,231.52040350095356
398,409,Tenerife,20936088,28.39,-16.66361111111111,118.1145,164.5675,,979378.16,979150.1301465231,228.02985347690992,-5.340033601967942,233.36988707887787
399,410,Tenerife,20936089,28.38861111111111,-16.66722222222222,150.2055,196.6721,,979372.14,979140.1160152763,232.02398472372442,-0.6293141959149583,232.65329891963938
400,411,Tenerife,20936090,28.38833333333333,-16.671111111111113,167.8834,214.3406,,979369.26,979134.6416402957,234.6183597042691,-1.5310117724964325,236.14937147676554
401,412,Tenerife,20936091,28.38888888888889,-16.675,191.8795,238.3112,,979364.24,979127.2851369801,236.95486301986966,4.115514635545345,232.83934838432432
402,413,Tenerife,20936092,28.385555555555555,-16.676944444444445,203.8926,250.3821,,979362.81,979123.3077374396,239.50226256041788,5.612460168943004,233.88980239147486
403,414,Tenerife,20936093,28.383888888888887,-16.677222222222223,204.6539,251.175,,979362.7,979122.9371322208,239.76286777912173,5.159005093923258,234.60386268519846
404,415,Tenerife,20936094,28.38055555555556,-16.68027777777778,216.5714,263.146,,979360.45,979118.9906168683,241.45938313170336,6.376422709917788,235.08296042178557
405,416,Tenerife,20936095,28.38055555555556,-16.685277777777777,221.0314,267.5866,0.05,979360.03,979117.6200614084,242.40993859164882,7.263941839064187,235.14599675258464
406,417,Tenerife,20937030,28.36888888888889,-16.463055555555556,1738.1015,1784.9388,0.05,979030.04,978648.5880008616,381.45199913845863,130.46168559189584,250.9903135465628
407,418,Tenerife,20937031,28.37361111111111,-16.459166666666665,1838.1999,1884.9632,,979008.06,978618.0956521308,389.9643478692742,144.6366638262513,245.3276840430229
408,419,Tenerife,20937033,28.36916666666667,-16.462777777777777,1908.8394,1955.6718,,978991.46,978595.9533597785,395.5066402214579,147.17485804799514,248.33178217346278
409,420,Tenerife,20937034,28.361944444444447,-16.46638888888889,1960.8216,2007.7458,0.05,978978.36,978579.3487772702,399.01122272980865,151.66251947239994,247.34870325740872
410,421,Tenerife,20937035,28.35527777777778,-16.46861111111111,2001.8104,2048.8056,0.05,978968.13,978566.18319906,401.9468009399716,153.38505044509944,248.56175049487214
411,422,Tenerife,20937036,28.35138888888889,-16.476388888888888,1962.403,2009.4982,,978982.02,978578.0115033337,404.0084966663271,153.57496546737576,250.43353119895136
412,423,Tenerife,20937037,28.34361111111111,-16.48222222222222,1995.7594,2042.9646,0.05,978978.55,978567.103880617,411.4461193830939,159.7784266728002,251.6676927102937
413,424,Tenerife,20937039,28.33722222222222,-16.486666666666668,2059.4669,2106.7575,0.05,978964.69,978546.9493207748,417.7406792251859,164.5469812473527,253.19369797783318
414,425,Tenerife,20937040,28.334722222222226,-16.489166666666666,2141.6602,2188.9918,0.05,978942.19,978521.4021639837,420.7878360162722,171.45423436058007,249.33360165569212
415,426,Tenerife,20937041,28.328888888888887,-16.490555555555556,2201.0168,2248.3966,0.05,978929.78,978502.6440469276,427.1359530724585,177.39614667654828,249.73980639591022
416,427,Tenerife,20937042,28.322777777777777,-16.491111111111113,2227.8271,2275.2466,0.05,978923.09,978493.9037611011,429.1862388988957,180.70304534426512,248.48319355463056
417,428,Tenerife,20937043,28.31611111111112,-16.496111111111112,2190.428,2237.9374,0.05,978940.42,978504.9053270916,435.5146729084663,182.78395104536372,252.7307218631026
418,429,Tenerife,20937044,28.31194444444445,-16.501944444444444,2239.1301,2286.7113,0.05,978928.67,978489.5515220218,439.11847797827795,186.09043290038952,253.02804507788844
419,430,Tenerife,20937045,28.304166666666667,-16.51,2294.6887,2342.3692,0.05,978917.96,978471.8031698961,446.1568301038351,191.58000653829436,254.57682356554074
420,431,Tenerife,20937047,28.3025,-16.52027777777778,2298.6104,2346.3893,0.05,978915.97,978470.437941456,445.5320585439913,195.99321668791256,249.53884185607873
421,432,Tenerife,20937048,28.30361111111112,-16.530277777777776,2238.6139,2286.4678,0.05,978934.01,978488.9982056342,445.01179436582606,192.76487457512863,252.24691979069743
422,433,Tenerife,20937049,28.308333333333334,-16.53888888888889,2202.8543,2250.7343,0.05,978942.72,978500.3727714345,442.34722856548615,187.85127256057396,254.4959560049122
423,434,Tenerife,20937050,28.30611111111111,-16.54527777777778,2154.2087,2202.1384,0.05,978957.11,978515.1901300901,441.9198699098779,185.77815948725413,256.14171042262376
424,435,Tenerife,20937051,28.30611111111111,-16.55388888888889,2107.4635,2155.4341,0.05,978969.46,978529.592092176,439.86790782399476,182.5887428349868,257.279164989008
425,436,Tenerife,30935103,28.304722222222225,-16.383055555555558,78.7004,124.5228,,979380.4,979156.0550024979,224.34499750216492,-2.642638983126916,226.98763648529183
426,437,Tenerife,30935104,28.309444444444445,-16.38277777777778,108.992,154.8269,0.05,979376.3,979147.0573409065,229.24265909357928,1.0219800996069026,228.22067899397237
427,438,Tenerife,30935105,28.315555555555555,-16.380555555555556,108.5037,154.3246,0.05,979376.27,979147.6731732019,228.59682679816615,0.4832719584962356,228.11355483966992
428,439,Tenerife,30935106,28.31583333333333,-16.380555555555556,108.503,154.3249,,979376.36,979147.6940272915,228.6659727084916,0.6620079738929028,228.0039647345987
429,440,Tenerife,30935107,28.32111111111111,-16.378611111111113,90.1895,135.9971,,979380.8,979153.7490947769,227.05090522312094,-0.3769172517394428,227.4278224748604
430,441,Tenerife,30935108,28.32583333333333,-16.37666666666667,77.6229,123.4146,,979384.17,979157.9889915931,226.18100840691477,-1.542215117252377,227.72322352416714
431,442,Tenerife,30935109,28.33111111111111,-16.37472222222222,58.128,103.9063,,979388.59,979164.4086108542,224.18138914578594,-3.723449327368496,227.90483847315443
432,443,Tenerife,30935110,28.33111111111111,-16.37472222222222,58.1161,103.8944,,979388.73,979164.4122839817,224.31771601829678,-3.725970951395174,228.04368696969195
433,444,Tenerife,30935111,28.33138888888889,-16.37472222222222,58.1908,103.97,,979388.66,979164.40990297,224.25009703007527,-3.835187560375626,228.0852845904509
434,445,Tenerife,30935151,28.444444444444446,-16.27722222222222,111.7091,156.2369,,979364.81,979156.8166072237,207.99339277634863,0.3189224175829626,207.67447035876566
435,446,Tenerife,30935152,28.33861111111111,-16.37388888888889,60.6337,106.4177,,979387.97,979164.199237007,223.7707629930228,-3.458392826913436,227.22915581993624
436,447,Tenerife,30935155,28.35638888888889,-16.372777777777777,41.8074,87.6078,0.05,979389.23,979171.3467914455,217.8832085544709,-6.935067321303013,224.81827587577394
437,448,Tenerife,30935157,28.370833333333334,-16.36722222222222,52.6397,98.3797,0.05,979385.28,979169.112287602,216.16771239798982,-6.568772197143867,222.73648459513367
438,449,Tenerife,30935159,28.383333333333333,-16.361666666666668,47.4686,93.1426,,979385.38,979171.672737311,213.7072626890149,-9.237826911196308,222.9450896002112
439,450,Tenerife,30935161,28.384444444444444,-16.354722222222225,69.9563,115.5384,,979377.35,979164.8438489633,212.50615103670862,-8.432289122049015,220.93844015875763
440,451,Tenerife,30935164,28.404166666666665,-16.335555555555555,110.1709,155.4999,0.05,979368.04,979153.9992133805,214.040786619531,-1.656517899902366,215.69730451943335
441,452,Tenerife,30935166,28.404722222222222,-16.328888888888887,146.8395,192.0789,,979357.81,979142.7508978142,215.05910218588542,2.045424494294537,213.01367769159089
442,453,Tenerife,30935167,28.40833333333333,-16.31833333333333,178.8491,223.9466,0.05,979348.71,979133.1878072101,215.52219278982375,5.925739492631793,209.59645329719194
443,454,Tenerife,30935170,28.425,-16.303611111111113,175.8554,220.7541,,979351.19,979135.4329003942,215.7570996057475,6.902131110346546,208.85496849540095
444,455,Tenerife,30935172,28.43111111111111,-16.295555555555556,155.8057,200.5937,0.05,979355.57,979142.1174224437,213.45257755625062,3.805362738607984,209.64721481764263
445,456,Tenerife,30935174,28.43722222222222,-16.280833333333334,84.5148,129.0968,,979366.45,979164.6474699626,201.8025300373556,-3.2374289291758687,205.0399589665315
446,457,Tenerife,30936002,28.378055555555555,-16.714444444444442,224.0965,270.5772,0.05,979359.92,979116.5082395698,243.41176043020096,2.562823526817679,240.84893690338328
447,458,Tenerife,30936003,28.37527777777778,-16.70611111111111,236.1486,282.7176,0.05,979357.19,979112.5514585264,244.6385414735414,9.262401044249051,235.37614042929235
448,459,Tenerife,30936004,28.371111111111112,-16.711111111111112,238.6628,285.2908,0.05,979357.61,979111.4426470713,246.1673529286636,8.761987035406575,237.40536589325703
449,460,Tenerife,30936008,28.36555555555556,-16.723055555555554,240.3248,287.0043,0.05,979357.85,979110.4943465373,247.35565346269868,6.314389104352757,241.04126435834593
450,461,Tenerife,30936009,28.36583333333333,-16.72583333333333,280.8691,327.53,0.05,979349.3,979098.0076291314,251.29237086861394,10.473715927857356,240.81865494075657
451,462,Tenerife,30936010,28.36777777777778,-16.728888888888886,317.3897,363.9997,,979339.68,979086.8987743625,252.78122563753277,13.316338950013602,239.46488668751917
452,463,Tenerife,30936103,28.36722222222222,-16.72138888888889,232.6313,279.288,0.05,979360.12,979113.0017298358,247.11827016423922,7.321087237338532,239.7971829269007
453,464,Tenerife,30936104,28.36722222222222,-16.72138888888889,232.3486,279.0053,,979360.2,979113.0889823766,247.1110176233342,7.267153105903736,239.84386451743046
454,465,Tenerife,30936105,28.36694444444445,-16.721666666666664,232.7473,279.408,,979360.27,979112.9437212643,247.32627873576712,7.154778878218738,240.17149985754838
455,466,Tenerife,30937054,28.299444444444447,-16.56527777777778,2100.5646,2148.631,0.05,978976.11,978531.1872996552,444.9227003448177,184.6738217257208,260.2488786190969
456,467,Tenerife,30937055,28.29083333333333,-16.564722222222223,2136.7444,2184.8434,0.05,978971.55,978519.371454841,452.1785451590549,188.79103956508615,263.38750559396874
457,468,Tenerife,30937056,28.29083333333333,-16.564722222222223,2151.1013,2199.2003,,978968.55,978514.944318408,453.6056815920165,188.36076305605908,265.24491853595737
458,469,Tenerife,30937057,28.279166666666665,-16.576944444444443,2197.3895,2245.5721,,978955.96,978499.7658839722,456.1941160277929,194.27318432010333,261.9209317076896
459,470,Tenerife,30937058,28.273055555555555,-16.579444444444444,2239.3929,2287.5945,0.05,978944.62,978486.3476943411,458.27230565890204,196.58409765994648,261.6882079989556
460,471,Tenerife,30937060,28.2675,-16.58611111111111,2287.0807,2335.3174,0.05,978934.3,978471.2139689365,463.08603106357623,201.58359305896485,261.50243800461135
461,472,Tenerife,30937061,28.260277777777777,-16.59361111111111,2305.6059,2353.8576,0.05,978928.35,978464.9532026713,463.39679732872173,202.63886240019795,260.7579349285238
462,473,Tenerife,30937062,28.259444444444444,-16.603333333333335,2349.216,2397.4951,0.05,978915.57,978451.4353959848,464.13460401515476,205.62441848152056,258.51018553363417
463,474,Tenerife,30937063,28.2575,-16.610833333333336,2357.9127,2406.2083,,978911.36,978448.6023704712,462.7576295287581,204.29862816515367,258.45900136360444
464,475,Tenerife,30937064,28.255,-16.62138888888889,2309.809,2358.121,,978921.43,978463.2411019752,458.18889802484773,199.5804570298741,258.60844099497365
465,476,Tenerife,30937066,28.24527777777778,-16.629166666666666,2239.9398,2288.2396,0.05,978942.2,978484.0564717571,458.1435282428283,195.73958866938,262.4039395734483
466,477,Tenerife,30937067,28.236666666666668,-16.629722222222224,2186.4568,2234.7249,0.05,978960.65,978499.9095625839,460.74043741612695,193.1762814322933,267.56415598383364
467,478,Tenerife,30937068,28.223611111111108,-16.628055555555555,2146.2283,2194.416,0.05,978972.6,978511.3565041204,461.2434958795784,190.16120852656772,271.08228735301066
468,479,Tenerife,30937070,28.223333333333333,-16.628611111111113,2141.0992,2189.2858,0.05,978974.03,978512.9175646713,461.11243532877415,189.88440454828972,271.22803078048446
469,480,Tenerife,30937071,28.22055555555556,-16.62777777777778,2121.0743,2169.2407,0.05,978979.04,978518.889729567,460.1502704330487,187.74906710406907,272.40120332897965
470,481,Tenerife,30937072,28.2175,-16.62638888888889,2104.9941,2153.1373,,978981.37,978523.6255647758,457.74443522421643,184.74516412010584,272.99927110411056
471,482,Tenerife,30937073,28.210833333333333,-16.634999999999998,2021.4351,2069.5301,,979001.56,978548.9063283416,452.65367165848147,176.75888342959155,275.8947882288899
472,483,Tenerife,30937074,28.210555555555555,-16.649722222222223,2011.3362,2059.4374,0.05,979005.65,978551.9978361109,453.6521638891427,177.5243565501084,276.1278073390343
473,484,Tenerife,30937075,28.21361111111111,-16.66361111111111,2024.1166,2072.2161,0.05,979004.47,978548.2870153314,456.18298466852866,176.72853256980943,279.45445209871923
474,485,Tenerife,40936112,28.36694444444445,-16.740277777777777,402.8399,449.403,,979321.19,979060.4785617434,260.7114382565487,22.45455692043228,238.25688133611644
475,486,Tenerife,40936113,28.36638888888889,-16.74138888888889,438.5764,485.1429,,979312.64,979049.406829808,263.2331701919902,24.191830171654303,239.0413400203359
476,487,Tenerife,40936114,28.36638888888889,-16.745555555555555,438.4494,484.9909,,979312.63,979049.4537385701,263.17626142990775,24.86805063343251,238.30821079647524
477,488,Tenerife,40936115,28.365,-16.74638888888889,437.177,483.7377,,979313.09,979049.7356316509,263.3543683490716,24.00877375692238,239.3455945921492
478,489,Tenerife,40936116,28.364444444444445,-16.748611111111114,468.1751,514.7321,0.05,979307.64,979040.1285666,267.5114333999809,27.285461115814304,240.22597228416657
479,490,Tenerife,40936117,28.36388888888889,-16.749444444444446,482.8249,529.3866,,979306.77,979035.5641760597,271.20582394034136,29.13403425756256,242.07178968277879
480,491,Tenerife,40936118,28.363333333333333,-16.751666666666665,498.992,545.5498,,979303.22,979030.5342300588,272.6857699411921,30.41760503538631,242.2681649058058
481,492,Tenerife,40936119,28.363333333333333,-16.753611111111113,528.7357,575.2816,,979296.92,979021.3590194284,275.56098057166673,30.11490947098637,245.44607110068037
482,493,Tenerife,40936120,28.363333333333333,-16.75861111111111,529.6106,576.1259,,979297.39,979021.0984709585,276.29152904148214,31.028455688307503,245.26307335317463
483,494,Tenerife,40936121,28.362222222222226,-16.761666666666667,557.916,604.4315,,979293.47,979012.2796261997,281.1903738002293,33.35024203933655,247.84013176089275
484,495,Tenerife,40936122,28.36055555555556,-16.766944444444444,582.4004,628.9111,,979290.59,979004.599622354,285.9903776459396,37.41795671344277,248.5724209324968
485,496,Tenerife,40936123,28.35777777777778,-16.774166666666666,604.4327,650.9377,,979287.73,978997.5927983363,290.13720166368876,41.69472275245968,248.44247891122907
486,497,Tenerife,40936124,28.35611111111111,-16.779166666666665,618.7283,665.2236,,979285.55,978993.058577255,292.49142274504993,44.16224037851882,248.32918236653111
487,498,Tenerife,40936125,28.35555555555556,-16.78333333333333,619.8572,666.3305,,979285.23,978992.6750716013,292.5549283986911,45.76895129499438,246.78597710369672
488,499,Tenerife,40936126,28.35555555555556,-16.783333333333335,620.5147,666.988,0.05,979285.04,978992.4721777301,292.56782226997893,45.76582021540783,246.80200205457112
489,500,Tenerife,40936127,28.35305555555556,-16.78222222222222,658.1828,704.7036,0.05,979277.55,978980.6451601887,296.90483981138095,50.02314109982744,246.8816987115535
490,501,Tenerife,40936128,28.351944444444445,-16.78111111111111,687.5309,734.0776,,979271.45,978971.4971801157,299.95281988428906,51.91608247096755,248.0367374133215
491,502,Tenerife,40936129,28.35111111111112,-16.784166666666668,722.588,769.1242,,979264.59,978960.619900923,303.97009907697793,53.97364994155267,249.99644913542525
492,503,Tenerife,40936130,28.348333333333333,-16.790833333333335,752.2784,798.8025,,979259.19,978951.2525179883,307.9374820116209,59.35344941894991,248.58403259267098
493,504,Tenerife,40936131,28.34611111111111,-16.7875,753.5421,800.1238,,979258.67,978950.677106797,307.99289320304524,56.44524715276479,251.54764605028043
494,505,Tenerife,40936132,28.343333333333334,-16.79277777777778,789.6542,836.2297,,979251.3,978939.3265811327,311.97341886733193,60.840485913123445,251.13293295420848
495,506,Tenerife,40936133,28.343055555555555,-16.7875,817.8563,864.4807,,979246.73,978930.5885682541,316.14143174584024,63.13911413506843,253.0023176107718
496,507,Tenerife,40936134,28.342777777777776,-16.78805555555556,849.8714,896.4949,,979239.07,978920.6895326313,318.3804673686391,68.87145409974131,249.50901326889777
497,509,Tenerife,40936136,28.3375,-16.793055555555558,889.4067,936.0577,,979233.45,978908.0842828484,325.3657171515515,72.90071840694472,252.4649987446068
498,510,Tenerife,40936137,28.3375,-16.793055555555558,891.7219,938.3729,,979233.11,978907.3699401419,325.7400598580716,73.38428804639733,252.3557718116743
499,511,Tenerife,40936138,28.3375,-16.793055555555558,893.2334,939.8844,,979232.99,978906.903575232,326.08642476797104,73.60675510412769,252.47966966384337
500,512,Tenerife,40936139,28.334722222222226,-16.797777777777778,920.7821,967.4256,,979229.2,978898.1963692287,331.0036307713017,74.59337199952084,256.41025877178083
501,513,Tenerife,40936140,28.334444444444443,-16.799444444444447,962.6004,1009.2317,,979222.28,978885.2766702842,337.0033297158079,77.04225450827805,259.96107520752986
502,514,Tenerife,40936141,28.328611111111112,-16.802777777777777,995.2801,1041.9407,,979215.63,978874.7448256566,340.88517434336245,83.53947834818825,257.3456959951742
503,515,Tenerife,40936142,28.32555555555556,-16.80666666666667,1011.835,1058.4866,0.05,979214.05,978869.4094541958,344.6405458042864,85.0268078189205,259.6137379853659
504,516,Tenerife,40936143,28.321666666666665,-16.80777777777778,1035.5751,1082.2529,,979209.24,978861.7836150912,347.4563849087572,87.69231640002842,259.76406850872877
505,517,Tenerife,50936002,28.3125,-16.80666666666667,1089.9759,1136.7409,0.05,979199.07,978844.2816670754,354.78833292459603,91.3479670883134,263.44036583628264
506,518,Tenerife,50936003,28.307222222222222,-16.810833333333335,1028.2186,1074.9685,0.05,979211.97,978862.941747883,349.02825211698655,86.48978697905605,262.53846513793053
507,519,Tenerife,50936004,28.30444444444445,-16.81277777777778,971.6587,1018.4018,0.05,979224.26,978880.1847817192,344.07521828077734,82.29818145671189,261.7770368240655
508,520,Tenerife,50936005,28.299166666666668,-16.815555555555555,934.6655,981.4016,0.05,979231.11,978891.2027816799,339.9072183200624,79.4288120396969,260.4784062803655
509,521,Tenerife,50936006,28.29111111111112,-16.81361111111111,907.7229,954.5047,0.05,979233.48,978898.8943580373,334.5856419627089,76.76844738972159,257.8171945729873
510,522,Tenerife,50936013,28.275277777777777,-16.801666666666666,1029.413,1076.3795,0.05,979200.52,978860.0987238055,340.4212761945091,86.75272143958081,253.66855475492832
511,523,Tenerife,50936014,28.27138888888889,-16.805,958.7179,1005.6367,0.05,979213.97,978881.6320157569,332.3379842430586,79.98417152838746,252.35381271467114
512,524,Tenerife,50936016,28.260555555555555,-16.807222222222222,825.9843,872.8467,0.05,979239.49,978921.7876543646,317.7023456353927,67.22079835324554,250.48154728214718
513,525,Tenerife,50936157,28.290000000000003,-16.810833333333335,913.3291,960.1508,0.05,979232.53,978897.0685548123,335.46144518768415,77.37827938498913,258.083165802695
514,526,Tenerife,50936158,28.28861111111112,-16.805555555555557,946.8798,993.7762,0.05,979223.86,978886.5891223061,337.2708776938962,79.4390986731703,257.8317790207259
515,527,Tenerife,50936159,28.28527777777778,-16.801944444444445,987.6692,1034.6256,0.05,979214.26,978873.7344877982,340.52551220182795,83.74993996497149,256.7755722368565
516,528,Tenerife,50936162,28.282777777777778,-16.799444444444447,1028.2327,1075.2297,0.05,979205.57,978861.0185908137,344.5514091862133,87.21825331718985,257.3331558690234
517,529,Tenerife,50936163,28.280277777777776,-16.798611111111114,1060.1249,1107.1327,0.05,979196.75,978850.987404181,345.7625958189601,88.22355616543918,257.53903965352094
518,530,Tenerife,50936167,28.26083333333333,-16.8075,895.5638,942.4232,,979225.12,978900.3407819038,324.77921809616964,67.09933549107623,257.67988260509344
519,531,Tenerife,50936171,28.255,-16.807222222222222,787.2151,834.0561,0.05,979247.24,978933.3383832392,313.9016167607624,63.6260087558061,250.27560800495633
520,532,Tenerife,50936172,28.25138888888889,-16.80388888888889,761.075,807.9519,0.05,979253.67,978941.1212221076,312.5487778924871,60.79832033999468,251.75045755249243
521,533,Tenerife,50936173,28.2475,-16.8,745.896,792.811,0.05,979257.54,978945.5003561041,312.03964389592875,59.582848805992406,252.45679508993635
522,534,Tenerife,50937098,28.144166666666667,-16.64472222222222,1315.4624,1362.5906,0.05,979138.33,978761.9378599892,376.39214001072105,114.06100709237084,262.3311329183502
523,535,Tenerife,50937099,28.141388888888887,-16.65361111111111,1257.0599,1304.1351,0.05,979151.6,978779.7620610992,371.83793890080415,109.15543964973,262.68249925107415
524,536,Tenerife,50937100,28.13361111111111,-16.65138888888889,1221.14,1268.0638,0.05,979155.84,978790.305753745,365.5342462549452,105.53022237226692,260.00402388267827
525,537,Tenerife,50937101,28.12638888888889,-16.65722222222222,1181.9852,1228.7465,0.05,979161.2,978801.8928603304,359.307139669545,100.67786314014636,258.6292765293986
526,538,Tenerife,50937102,28.12555555555556,-16.66583333333333,1106.4274,1153.1604,,979179.65,978825.1493020467,354.50069795327727,93.90737993054825,260.593318022729
527,539,Tenerife,50937104,28.119444444444444,-16.665555555555553,1044.7602,1091.3615,0.05,979190.01,978843.7566547688,346.25334523117635,87.68268195060438,258.570663280572
528,541,Tenerife,50937107,28.11694444444445,-16.67666666666667,927.9442,974.4542,0.05,979218.73,978879.6386550036,339.0913449963555,76.41506801091938,262.67627698543606
529,542,Tenerife,50937108,28.11555555555556,-16.678611111111113,880.1937,926.6654,0.05,979230.37,978894.2793563445,336.09064365550876,71.48062425360365,264.6100194019051
530,543,Tenerife,50937109,28.114444444444445,-16.68111111111111,820.4011,866.8384,0.05,979243.23,978912.6556958068,330.57430419314187,66.67027646218287,263.904027730959
531,544,Tenerife,50937110,28.111111111111114,-16.684166666666666,754.8312,801.1795,0.05,979255.3,978932.6652904425,322.63470955751836,60.90939118308372,261.72531837443466
532,545,Tenerife,50937111,28.105833333333333,-16.684722222222224,698.8351,745.0598,0.05,979265.18,978949.5860545869,315.5939454131294,55.253697622954974,260.34024779017443
533,546,Tenerife,50937112,28.1,-16.680833333333336,630.808,676.917,,979275.68,978970.1757691122,305.5042308878619,49.757115167691865,255.74711572017006
534,547,Tenerife,50937114,28.095277777777778,-16.684166666666666,576.8794,622.8612,0.05,979285.57,978986.502433928,299.0675660719862,44.479525796335096,254.5880402756511
535,548,Tenerife,50937115,28.09083333333333,-16.689444444444444,512.4251,558.2704,0.05,979299.66,979006.1015097902,293.5584902098635,38.32086246485113,255.2376277450124
536,549,Tenerife,50937116,28.086666666666662,-16.69,444.2062,489.9494,0.05,979312.79,979026.8732459948,285.916754005244,32.13317198859062,253.78358201665338
537,550,Tenerife,50937118,28.081666666666667,-16.683611111111112,373.8901,419.5466,0.05,979326.25,979048.2256819013,278.02431809867267,26.020470478975103,252.00384761969755
538,551,Tenerife,50937119,28.077222222222225,-16.68611111111111,315.8931,361.4247,0.05,979337.32,979065.8302828933,271.4897171066841,20.41471515672039,251.07500194996373
539,552,Tenerife,50937120,28.072222222222223,-16.69638888888889,236.3628,281.7175,,979352.35,979090.0558422713,262.29415772866923,12.520648755529637,249.7735089731396
540,553,Tenerife,50937121,28.07,-16.70888888888889,155.7811,200.998,0.05,979365.39,979114.8030864053,250.58691359474324,4.709856803974307,245.87705679076893
