,Unnamed: 0,Station ID,E(m),N(m),longitude,latitude,height_geoid,obsG,BO(mGal),Error(mGal),height_ell,gamma,G_disturbance,terrain_effect,topo_free_disturbance
0,0,TENE001,329524.64,3128255.1,-16.738,28.2693,1711.7,979059.534,242.765,0.005,1759.4394240200809,978648.9411868603,410.59281313966494,149.65690466080596,260.935908478859
1,1,TENE002,330676.61,3127981.48,-16.7263,28.2669,1870.3,979023.973,242.308,0.005,1918.1580989837648,978599.8092641103,424.1637358897133,163.09368591763044,261.07004997208287
2,2,TENE003,331188.37,3127949.8,-16.721,28.2667,1928.2,979013.747,244.749,0.005,1976.1034587860108,978581.923926793,431.8230732069351,168.0851864728449,263.7378867340902
3,3,TENE004,332315.25,3127840.72,-16.7095,28.2659,2072.7,978984.42,247.465,0.005,2120.6968191070555,978537.2733862649,447.14661373512354,179.91066337753355,267.23595035759
4,4,TENE005,332188.19,3127598.7,-16.7108,28.2637,2070.0,978983.94,246.618,0.005,2117.989319084168,978537.9425780418,445.9974219581345,179.739988237881,266.2574337202535
5,5,TENE006,331150.6,3127708.73,-16.7214,28.2645,1923.7,979014.631,244.906,0.006,1971.6021004426573,978583.146391173,431.4846088270424,167.46063217339423,264.02397665364816
6,6,TENE007,331565.88,3126617.81,-16.717,28.2548,1933.8,979015.21,248.528,0.005,1981.751154158325,978579.2858574382,435.9241425617365,168.3197361853529,267.6044063763836
7,7,TENE008,329241.47,3129032.78,-16.741,28.2762,1675.7,979064.772,239.527,0.009,1723.382421791687,978660.5820606992,404.1899393007625,146.73659008611807,257.4533492146444
8,8,TENE009,328271.35,3129185.32,-16.7509,28.2775,1623.9,979073.629,238.086,0.009,1671.4779413841247,978676.6891638666,396.93983613338787,141.0142108605123,255.92562527287558
9,9,TENE010,329316.44,3127150.9,-16.74,28.2593,1656.4,979073.548,246.071,0.009,1704.1262314117432,978665.2481445459,408.29985545400996,144.12554538052606,264.17431007348387
10,10,TENE011,330290.01,3129078.68,-16.7303,28.2768,1787.9,979043.098,242.091,0.009,1835.682919311524,978625.9912265283,417.1067734716926,156.40968048125805,260.6970929904345
11,11,TENE012,327194.82,3130046.61,-16.762,28.2851,1463.0,979112.706,240.649,0.009,1510.4367015649414,978726.9350841147,385.7709158853395,128.13101831904132,257.63989756629815
12,12,TENE013,327963.64,3127046.3,-16.7538,28.2581,1464.0,979114.542,245.798,0.01,1511.5691957670288,978724.5515781661,389.9904218339361,126.9945370537826,262.9958847801535
13,13,TENE014,327136.27,3126971.87,-16.7622,28.2574,1366.9,979132.928,243.574,0.008,1414.367219291504,978754.4826474256,378.4453525743447,118.4261503074648,260.0192022668799
14,14,TENE015,327156.73,3128038.89,-16.7621,28.267,1417.2,979124.363,244.456,0.008,1464.6813502954103,978739.6852314344,384.67776856559794,123.33387706522508,261.3438915003729
15,15,TENE016,327281.41,3128986.9,-16.761,28.2756,1485.6,979105.58,239.653,0.009,1533.0748742596434,978719.2362334488,386.34376655111555,129.6203582293391,256.72340832177645
16,16,TENE017,329319.29,3126188.85,-16.7398,28.2506,1603.0,979085.788,248.038,0.018,1650.7264194264526,978681.063454912,404.72454508789815,138.96979465580318,265.75475043209497
17,17,TENE018,330066.02,3126181.46,-16.7322,28.2506,1698.3,979066.422,248.968,0.011,1746.110830265564,978651.6435810317,414.77841896831524,147.68825772070946,267.0901612476058
18,18,TENE019,331333.18,3124950.92,-16.7191,28.2397,1769.1,979057.05,256.538,0.005,1817.004837105499,978628.9575344968,428.0924655032577,153.11173113476138,274.9807343684963
19,19,TENE020,332363.69,3126060.13,-16.7088,28.2498,2016.5,979001.071,252.7,0.006,2064.5208162282715,978553.3841637786,447.6868362213718,175.46205658264935,272.22477963872245
20,20,TENE021,326469.57,3128154.21,-16.7691,28.2679,1354.8,979136.457,243.244,0.001,1402.1972277942352,978759.0277046774,377.42929532262497,117.66544066745612,259.76385465516887
21,21,TENE022,326398.05,3127021.44,-16.7697,28.2577,1283.0,979149.801,242.495,0.01,1330.3746597598267,978780.415441042,369.3855589579325,110.7750438866579,258.6105150712746
22,22,TENE023,325328.55,3128100.02,-16.7808,28.2673,1210.1,979164.937,241.086,0.004,1257.3511001798706,978803.6658259904,361.27117400965653,104.472581167801,256.79859284185557
23,23,TENE024,324936.96,3130156.22,-16.7851,28.2858,1258.2,979158.122,242.821,0.015,1305.3662140116578,978790.2473148865,367.8746851134347,109.22062907630956,258.6540560371251
24,24,TENE025,325709.12,3131092.46,-16.7773,28.2944,1303.7,979146.466,240.236,0.016,1350.9144718892824,978776.8444009981,369.62159900192637,113.1794057294022,256.44219327252415
25,25,TENE026,326785.87,3130729.77,-16.7663,28.2912,1418.4,979121.103,239.134,0.022,1465.756434612854,978741.1771350622,379.92586493783165,124.12790695868728,255.79795797914437
26,26,TENE027,327207.18,3131836.38,-16.7622,28.3013,1405.4,979121.432,235.889,0.015,1452.7301901234132,978745.9566940733,375.4753059267532,122.89027670840277,252.58502921835043
27,27,TENE028,324982.03,3128755.72,-16.7844,28.2732,1205.7,979166.466,241.068,0.015,1252.897940427002,978805.4841026291,360.9818973708898,104.01775247696588,256.9641448939239
28,28,TENE029,326585.46,3128899.53,-16.7681,28.2747,1388.8,979128.194,241.684,0.005,1436.1978935722198,978749.0516457488,379.1423542512348,120.75002007904315,258.3923341721916
29,29,TENE030,326282.78,3130005.64,-16.7713,28.2846,1397.8,979125.603,240.161,0.004,1445.137221164612,978747.0401120611,378.562887938926,121.74021704715403,256.82267089177196
30,30,TENE031,327885.66,3129854.8,-16.755,28.2835,1561.3,979088.063,237.996,0.004,1608.8179291000365,978696.4683484008,391.5946515991818,136.2934186684877,255.3012329306941
31,31,TENE032,328254.23,3130780.44,-16.7514,28.2919,1513.1,979100.091,238.705,0.004,1560.5996110667113,978711.9744352348,388.1165647652233,132.0706969421268,256.0458678230965
32,32,TENE033,325032.16,3130424.14,-16.7841,28.2882,1268.3,979155.539,242.078,0.042,1315.4672487922974,978787.3121148312,368.22688516881317,110.275412430803,257.9514727380102
33,33,TENE034,324838.07,3131629.55,-16.7863,28.2991,1226.2,979165.752,242.298,0.042,1273.2903069941408,978801.1450215039,364.60697849607095,106.57117819888742,258.0358002971835
34,34,TENE035,324348.48,3132021.4,-16.7914,28.3026,1186.5,979175.943,243.875,0.042,1233.5085143432009,978813.6815295465,362.2614704534644,102.92000414008594,259.3414663133785
35,35,TENE036,324637.61,3133064.5,-16.7886,28.312,1173.3,979177.796,242.533,0.042,1220.268633414917,978818.4748337189,359.3211662811227,101.27460610670656,258.0465601744162
36,36,TENE037,325345.93,3132940.98,-16.7813,28.311,1220.2,979165.125,240.165,0.042,1267.253742762451,978803.9045012835,361.2204987164587,105.49137753748312,255.72912117897556
37,37,TENE038,325381.6,3131900.83,-16.7808,28.3016,1313.2,979144.895,240.51,0.042,1360.334441133545,978774.4812602325,370.41373976750765,113.791425507408,256.62231426009964
38,38,TENE039,326110.52,3131572.02,-16.7733,28.2987,1349.7,979136.749,239.771,0.042,1396.9355382207948,978762.9718934296,373.77710657031275,117.74650170409308,256.0306048662197
39,39,TENE040,328537.99,3126317.59,-16.7478,28.2517,1496.4,979108.088,247.2,0.003,1544.0359656404726,978714.0549045152,394.0330954848323,129.6574530327052,264.37564245212707
40,40,TENE041,323381.95,3134236.96,-16.8015,28.3224,1060.1,979203.044,244.051,0.009,1106.835937375183,978854.2545195677,348.7894804322859,89.9938701851596,258.7956102471263
41,41,TENE042,323273.0,3135085.36,-16.8028,28.3301,981.4,979218.639,243.157,0.007,1028.0454472051392,978879.1442540385,339.49474596150685,81.96039968047324,257.5343462810336
42,42,TENE043,323784.67,3134277.5,-16.7974,28.3228,1123.2,979187.203,241.997,0.008,1169.9743700937502,978834.8054981357,352.3975018642377,95.38806123509148,257.00944062914624
43,43,TENE044,324979.11,3134070.25,-16.7852,28.3211,1186.7,979170.465,238.59,0.01,1233.619894048523,978815.0422220547,355.4227779452922,101.72715195081504,253.69562599447715
44,44,TENE045,322031.06,3132255.49,-16.815,28.3044,955.4,979227.392,247.587,0.008,1002.1164455871582,978885.2060216225,342.18597837747075,80.15180580601198,262.0341725714588
45,45,TENE046,323397.24,3132631.83,-16.8011,28.3079,1027.4,979212.91,247.032,0.009,1074.2601974131012,978863.2113812295,349.698618770577,87.85363714310483,261.8449816274722
46,46,TENE047,322552.59,3133019.08,-16.8098,28.3113,1140.0,979186.725,247.503,0.008,1186.7371176924134,978828.7667298864,357.95827011356596,95.46603242068728,262.4922376928787
47,47,TENE048,322951.79,3132033.32,-16.8056,28.3025,987.9,979220.364,246.268,0.008,1034.7429510498048,978874.9964181376,345.3675818623742,84.60071274916591,260.7668691132083
48,48,TENE049,321922.8,3130991.37,-16.8159,28.2929,916.3,979231.075,243.422,0.008,963.0470897836,978896.393505087,334.6814949129475,77.14760794894329,257.53388696400424
49,49,TENE050,321927.75,3129949.44,-16.8157,28.2835,808.4,979250.427,241.344,0.006,855.1729266877746,978928.9695508685,321.45744913152885,66.5120002641564,254.94544886737245
50,50,TENE051,321786.6,3129501.57,-16.8171,28.2795,734.2,979264.804,240.376,0.006,780.9518590731049,978951.5699679939,313.2340320061194,59.50171479329708,253.7323172128223
51,51,TENE052,322661.76,3130810.71,-16.8084,28.2914,928.6,979229.984,244.374,0.007,975.449917177246,978892.4536740304,337.53032596968114,78.82098775196863,258.7093382177125
52,52,TENE053,323179.67,3130146.83,-16.803,28.2855,971.3,979217.967,242.331,0.003,1018.2412661849976,978878.8063274819,339.16067251807544,82.37158758014769,256.7890849379278
53,53,TENE054,323719.57,3129770.82,-16.7974,28.2822,1044.9,979202.33,242.638,0.006,1091.9229704404297,978855.8247801377,346.5052198622143,89.00392647387238,257.5012933883419
54,54,TENE055,322955.8,3128886.66,-16.8051,28.2741,983.2,979207.42,236.847,0.005,1030.1179230483856,978874.2829917851,333.1370082149515,81.74827515306393,251.38873306188756
55,55,TENE056,323396.76,3129242.51,-16.8006,28.2774,1065.7,979194.118,239.917,0.006,1112.6815897417605,978849.0586203588,345.0593796411995,90.14881749912388,254.9105621420756
56,56,TENE057,330621.0,3127591.04,-16.7268,28.2634,1847.9,979030.754,244.527,0.006,1895.7564156729736,978606.454384934,424.29961506591644,160.99569411709385,263.30392094882257
57,57,TENE058,329229.38,3130849.47,-16.7414,28.2926,1603.2,979078.721,237.007,0.027,1650.785661225403,978684.2094913089,394.5115086911246,139.77014135103164,254.74136734009298
58,58,TENE059,330202.04,3131088.19,-16.7315,28.2949,1676.6,979061.049,235.277,0.027,1724.25365189888,978661.7226818722,399.32631812780164,146.07484100656993,253.25147712123172
59,59,TENE060,331072.78,3131199.87,-16.7227,28.296,1700.4,979057.297,236.612,0.027,1748.1108205191042,978654.4473589844,402.84964101563673,148.0948070568853,254.75483395875145
60,60,TENE061,330172.95,3130290.63,-16.7317,28.2877,1737.4,979050.253,237.737,0.027,1785.1091456708225,978642.4105353415,407.8424646585481,151.86962526678718,255.97283939176094
61,61,TENE062,330922.8,3130038.3,-16.724,28.2855,1805.1,979036.619,239.089,0.027,1852.8900430282592,978621.339937797,415.2790622028988,157.46265806852827,257.8164041343705
62,62,TENE063,328616.88,3130146.78,-16.7476,28.2862,1638.5,979071.231,238.01,0.028,1686.0736241965333,978672.8429297783,398.3880702217575,142.6062656609499,255.78180456080761
63,63,TENE064,327658.64,3135499.8,-16.7581,28.3344,1010.0,979203.604,233.709,0.006,1056.9901612406618,978870.5383602753,333.06563972472213,84.20026164701785,248.8653780777043
64,64,TENE065,329035.63,3135487.02,-16.7441,28.3344,1087.0,979184.896,231.647,0.009,1134.0914332731934,978846.7509406626,338.1450593373738,91.15628805800594,246.98877127936788
65,65,TENE066,329424.1,3135239.35,-16.7401,28.3323,1101.0,979182.867,232.722,0.006,1148.149716473404,978842.2553125328,340.6116874672007,92.61423353462708,247.9974539325736
66,66,TENE067,329804.79,3135711.84,-16.7363,28.3366,1037.0,979194.652,231.036,0.01,1084.1058886426392,978862.3384570039,332.31354299606755,86.04272066077642,246.27082233529114
67,67,TENE068,335412.4,3132743.59,-16.6787,28.3105,1551.6,979086.157,235.584,0.019,1599.402610824356,978701.4078748036,384.74912519636564,131.41430670926349,253.33481848710215
68,68,TENE069,333456.04,3124805.7,-16.6975,28.2386,2092.7,978990.567,258.68,0.008,2140.777639297485,978529.0250602171,461.54193978291005,182.9546996212608,278.5872401616492
69,69,TENE070,326224.24,3135041.65,-16.7727,28.3301,1081.7,979188.077,233.305,0.002,1128.6274165656434,978848.112274652,339.9647253480507,91.43109115501058,248.53363419304014
70,70,TENE071,327849.49,3137485.03,-16.7565,28.3523,720.2,979260.147,229.479,0.007,766.9176171876527,978961.3905154276,298.7564845724264,55.54437054413998,243.21211402828644
71,71,TENE072,334784.78,3121119.89,-16.6834,28.2056,2106.2,978983.007,261.634,0.015,2154.1499716643066,978522.4179463919,460.58905360812787,177.97140712478603,282.61764648334184
72,72,TENE073,328396.03,3128241.45,-16.7495,28.269,1591.0,979083.367,240.988,0.008,1638.618315045929,978686.1839981956,397.1830018043984,138.60761960974762,258.57538219465073
73,73,TENE074,322722.15,3132485.64,-16.808,28.3065,977.5,979224.283,247.834,0.011,1024.2880143280029,978878.5236723671,345.75932763295714,83.5049458687647,262.25438176419243
74,74,TENE075,323262.87,3129936.11,-16.8021,28.2836,985.1,979214.805,242.44,0.027,1032.0600982737428,978874.399588919,340.40541108103935,83.31389237553938,257.0915187055
75,75,TENE076,323731.75,3124644.57,-16.7965,28.2359,669.2,979275.145,240.746,0.017,716.0978983688354,978968.2985804828,306.8464195171837,52.88657528093514,253.95984423624853
76,76,TENE077,324711.02,3134775.8,-16.7881,28.3275,1105.2,979186.994,237.689,0.027,1152.018736754227,978840.6995578734,346.29444212652743,93.57646736755368,252.71797475897375
77,77,TENE078,325200.87,3137859.73,-16.7835,28.3553,622.2,979285.349,234.208,0.019,668.6760499144746,978991.931983576,293.41701642400585,46.20854072155846,247.2084757024474
78,78,TENE079,326386.54,3127375.17,-16.7699,28.2609,1309.1,979145.357,243.29,0.026,1356.478207973938,978772.6038700633,372.7531299366383,113.30357478440266,259.44955515223563
79,79,TENE080,327303.79,3129984.07,-16.7609,28.2846,1463.5,979112.5,240.705,0.017,1510.9509554973145,978726.7387749294,385.7612250705715,128.06788734914363,257.6933377214279
80,80,TENE081,327571.37,3133471.39,-16.7587,28.3161,1280.2,979148.541,236.036,0.022,1327.4173008451237,978785.7290879315,362.8119120685151,110.64224790474428,252.1696641637708
81,81,TENE082,327577.46,3135639.19,-16.759,28.3356,986.3,979208.073,233.21,0.025,1033.2645478894042,978877.9489385,330.12406149995513,82.26184361825283,247.8622178817023
82,82,TENE083,329501.16,3127508.44,-16.7382,28.2625,1679.7,979068.423,245.466,0.022,1727.4467092704774,978658.2963890787,410.12661092123017,146.70404152236608,263.4225693988641
83,83,TENE084,329585.24,3137847.8,-16.7388,28.3558,669.7,979268.407,227.929,0.024,716.4662787851563,978977.2226104785,291.18438952148426,49.68516023316283,241.49922928832143
84,84,TENE085,330307.24,3136168.29,-16.7312,28.3408,962.5,979208.925,229.692,0.024,1009.567359166504,978885.6526458353,323.27235416474286,78.79141722263915,244.4809369421037
85,85,TENE086,330380.12,3128931.1,-16.7294,28.2755,1795.6,979042.025,242.856,0.035,1843.3959392547608,978623.5144669113,418.5105330887018,157.145213096572,261.3653199921298
86,86,TENE087,331754.66,3126781.38,-16.7151,28.2563,1961.6,979010.047,249.364,0.048,2009.5646590118408,978570.821376232,439.2256237680558,170.63310528861842,268.5925184794374
87,87,TENE088,333173.0,3135791.7,-16.7019,28.3377,895.1,979223.8,231.855,0.021,942.3840574184266,978906.1474108403,317.65258915978484,71.33449187878617,246.31809728099867
88,88,TENE089,333381.2,3124787.91,-16.6982,28.2385,2088.0,978991.725,258.832,0.025,2136.073199356079,978530.4682448618,461.2567551381653,182.54978913709027,278.70696600107505
89,89,TENE090,334718.54,3135382.1,-16.6861,28.3342,957.0,979208.793,230.788,0.018,1004.421206638733,978886.742431707,322.0505682929652,75.4083103844732,246.64225790849198
90,90,TENE091,335292.85,3122077.03,-16.6784,28.2143,2038.2,979005.565,262.929,0.055,2086.2494189300537,978544.0112566572,461.55374334275257,178.88690687540523,282.66683646734737
91,91,TENE092,336463.3,3119311.29,-16.6661,28.1894,2093.0,978984.776,259.178,0.01,2140.843603066437,978525.3027628446,459.4732371553546,180.4863707799828,278.9868663753718
92,92,TENE093,336634.22,3112150.79,-16.6633,28.1249,1121.8,979174.648,243.855,0.038,1168.521877494812,978820.3608574576,354.2871425424237,95.03185655636273,259.2552859860609
93,93,TENE094,337892.8,3113163.17,-16.6507,28.1341,1222.8,979155.687,244.181,0.037,1269.7343382339477,978789.8271101834,365.8598898166092,105.75822450381575,260.10166531279344
94,94,TENE095,337355.13,3112637.43,-16.6561,28.1293,1198.9,979158.606,243.156,0.037,1245.7255578536988,978796.8733617369,361.7326382631436,102.82579330589326,258.9068449572503
95,95,TENE096,338622.2,3109998.16,-16.6428,28.1057,777.0,979241.134,238.796,0.038,823.3013191680908,978925.4331883187,315.70081168122124,63.190115743301206,252.51069593792005
96,96,TENE097,338103.45,3110657.93,-16.6482,28.1116,849.6,979229.406,242.542,0.037,896.0423183441162,978903.4312060501,325.97479394986294,69.26498748695153,256.7098064629114
97,97,TENE098,337052.78,3110856.18,-16.6589,28.1132,933.0,979211.422,243.435,0.038,979.470277885437,978877.8099279506,333.6120720494073,75.78232348132273,257.82974856808454
98,98,TENE099,337595.94,3114016.12,-16.6538,28.1418,1258.3,979151.614,246.849,0.038,1305.383078994751,978779.4079475536,372.20605244638864,109.18042480215612,263.0256276442325
99,99,TENE100,338483.89,3114299.96,-16.6448,28.1445,1318.2,979137.993,246.052,0.038,1365.3348592529296,978761.1163384276,376.87666157237254,114.41648972778331,262.46017184458924
100,100,TENE101,338832.96,3115197.34,-16.6414,28.1526,1380.7,979126.71,247.88,0.035,1427.9849196185912,978742.3985939503,384.3114060496446,119.59669150838894,264.7147145412556
101,101,TENE102,342713.42,3110403.49,-16.6012,28.1098,625.4,979265.376,229.756,0.009,671.6440398406982,978972.5383327339,292.83766726613976,49.89442386391082,242.94324340222894
102,102,TENE103,343172.31,3109730.31,-16.5964,28.1038,535.9,979280.377,226.043,0.009,581.9801076850586,978999.7575666286,280.61943337135017,41.79091749166541,238.82851587968474
103,103,TENE104,342322.74,3111251.98,-16.6053,28.1174,754.0,979240.995,231.843,0.01,800.4341593209228,978933.3673160836,307.627683916362,61.70423706433262,245.92344685202937
104,104,TENE105,343910.14,3111297.61,-16.5892,28.118,754.7,979234.649,225.517,0.01,801.0402399597168,978933.2253394065,301.4236605934566,61.85298950986003,239.57067108359655
105,105,TENE106,348557.79,3106983.49,-16.5413,28.0796,184.6,979338.922,212.361,0.01,229.690717684082,979106.6669099013,232.25509009871166,8.858959462445632,223.39613063626604
106,106,TENE107,347597.21,3108807.56,-16.5513,28.096,285.3,979323.141,216.134,0.009,330.838105640564,979076.6787632036,246.46223679638933,18.820255132875545,227.64198166351377
107,107,TENE108,348235.28,3110455.04,-16.545,28.1109,343.8,979313.432,217.633,0.008,389.5839756759644,979059.666084207,253.76591579301748,24.219631829351936,229.54628396366556
108,108,TENE109,348603.19,3112192.42,-16.5415,28.1266,450.2,979294.429,220.004,0.008,496.2597786026001,979027.922544751,266.50645524903666,33.951427989575706,232.55502725946096
109,109,TENE110,343517.7,3113439.37,-16.5934,28.1373,939.6,979204.74,233.758,0.009,986.3700760411988,978877.4904892294,327.2495107705472,78.61204107179177,248.63746969875544
110,110,TENE111,339609.93,3116585.44,-16.6336,28.1652,1594.0,979082.262,251.141,0.009,1641.4948003288573,978677.4863118142,404.7756881858222,135.51151656718315,269.26417161863907
111,111,TENE112,338502.66,3117931.39,-16.6451,28.1772,1744.7,979058.481,259.005,0.009,1792.393975855896,978631.8460628155,426.63493718451355,149.29246113732503,277.3424760471885
112,112,TENE113,341735.14,3104568.42,-16.6104,28.0571,148.1,979355.349,223.107,0.018,193.1420988082885,979116.260780835,239.0882191651035,5.2953284550931325,233.79289071001037
113,113,TENE114,340579.42,3105188.84,-16.6222,28.0625,231.8,979340.509,225.502,0.018,277.0107795791626,979090.7796278492,249.72937215073034,13.094689920090952,236.63468223063938
114,114,TENE115,341142.71,3106595.41,-16.6167,28.0753,293.5,979332.063,228.807,0.018,339.01246951811214,979072.6032589015,259.459741098457,19.15440047550099,240.30534062295604
115,115,TENE116,342084.09,3107915.01,-16.6073,28.0873,404.2,979308.217,227.222,0.027,449.9631844379119,979039.2610628323,268.9559371676296,29.739459344663047,239.21647782296657
116,116,TENE117,340137.24,3108071.65,-16.6271,28.0885,525.7,979287.175,232.464,0.018,571.565299079895,979001.8236661158,285.3513338842895,40.03216646951081,245.3191674147787
117,117,TENE118,338981.45,3108291.08,-16.6389,28.0903,593.6,979278.367,237.941,0.018,639.5319355585174,978980.9845659585,297.38243404147215,46.561565482994496,250.82086855847766
118,118,TENE119,337932.21,3108320.78,-16.6496,28.0905,437.8,979313.858,241.275,0.018,483.7459571582031,979029.0752465957,284.7827534043463,31.395149828275965,253.38760357607032
119,119,TENE120,338899.56,3107100.85,-16.6396,28.0796,558.5,979278.571,234.664,0.019,604.1705216335449,978991.0942504328,287.47674956719857,40.308737146495936,247.16801242070264
120,120,TENE121,337395.8,3109130.42,-16.6552,28.0977,476.0,979308.917,244.193,0.019,522.1171801834106,979017.7736870849,291.1433129151119,34.6451073354017,256.4982055797102
121,121,TENE122,338543.39,3109111.53,-16.6435,28.0977,545.2,979290.838,241.816,0.019,591.31615825737,978996.4187809108,294.4192190892063,39.86207558062134,254.55714350858497
122,122,TENE123,339010.25,3109334.64,-16.6388,28.0997,678.0,979263.131,239.607,0.019,724.1593009400024,978955.575202637,307.55579736304935,54.64671432190272,252.90908304114663
123,123,TENE124,338565.35,3111898.43,-16.6436,28.1228,1088.3,979180.185,242.05,0.019,1134.9847976074218,978830.549883216,349.63511678401846,92.3191145468918,257.31600223712667
124,124,TENE125,335118.16,3107377.37,-16.6781,28.0816,354.7,979330.821,241.105,0.006,400.3720203170776,979054.1383958439,276.6826041560853,23.982578576199565,252.70002557988573
125,125,TENE126,333991.94,3107674.44,-16.6896,28.0841,418.7,979317.256,240.964,0.009,464.3843876693114,979034.5704275675,282.6855724325869,29.873555753618973,252.81201667896795
126,126,TENE127,333972.71,3108554.66,-16.6899,28.0921,522.7,979298.359,243.846,0.007,568.5728674067535,979003.0171850258,295.3418149742065,39.10622372621275,256.23559124799374
127,127,TENE128,336238.04,3109411.1,-16.667,28.1001,605.0,979280.207,242.812,0.007,651.1610798039245,978978.1311856011,302.0758143989369,46.293935462056346,255.7818789368806
128,128,TENE129,335272.72,3109463.16,-16.6768,28.1004,640.3,979272.839,242.121,0.006,686.4326390021972,978967.2694151565,305.5695848435862,50.53276749022171,255.03681735336448
129,129,TENE130,334486.38,3108813.52,-16.6847,28.0945,566.3,979287.606,241.586,0.006,612.2600699091338,978989.7155128844,297.89048711559735,43.74268926514052,254.14779785045684
130,130,TENE131,334357.35,3110281.52,-16.6862,28.1077,709.2,979263.454,246.759,0.013,755.4583589269105,978946.5174220199,316.93657798017375,56.89160984233244,260.0449681378413
131,131,TENE132,335102.15,3110917.32,-16.6787,28.1135,831.8,979240.108,249.141,0.007,878.2244788620757,978909.0715690693,331.0364309307188,67.99529622582342,263.04113470489534
132,132,TENE133,339903.55,3111900.35,-16.63,28.123,1020.5,979191.195,237.789,0.006,1067.1647978210449,978851.488880949,339.7061190509703,86.93061019708001,252.7755088538903
133,133,TENE134,339306.91,3113558.52,-16.6363,28.1379,1211.2,979156.935,242.69,0.006,1258.1939782943723,978793.6726765002,363.26232349989004,104.66110237142388,258.60122112846614
134,134,TENE135,340370.88,3110552.04,-16.6251,28.1109,818.1,979230.317,235.268,0.01,864.4805882103119,978913.1171793238,317.1998206762364,67.87460577238804,249.32521490384838
135,135,TENE136,340703.8,3111789.9,-16.6219,28.1221,951.4,979203.615,236.079,0.01,998.0161989746092,978872.7558854417,330.85911455831956,79.79920105727747,251.0599135010421
136,136,TENE137,341824.47,3109907.67,-16.6102,28.1052,651.6,979261.076,231.093,0.01,697.7905202178955,978964.1247638215,296.9512361785164,52.555666264209066,244.39556991430734
137,137,TENE138,340164.45,3109150.69,-16.627,28.0982,633.4,979268.007,234.59,0.01,679.497799972534,978969.2443189318,298.76268106815405,51.058153590416616,247.70452747773743
138,138,TENE139,341607.8,3108759.11,-16.6122,28.0948,526.7,979285.27,229.89,0.01,572.6627524516601,979001.957605472,283.31239452806767,40.5708904421968,242.74150408587087
139,139,TENE140,344466.7,3108993.07,-16.5832,28.0973,511.2,979280.667,220.949,0.01,557.0473326370849,979006.9640926507,273.70290734933224,40.16958638786329,233.53332096146895
140,140,TENE141,342996.76,3114312.83,-16.5989,28.1451,1114.0,979171.053,238.147,0.011,1160.96459316745,978824.2093581358,346.84364186413586,92.94736821043452,253.89627365370134
141,141,TENE142,343244.95,3115183.94,-16.5964,28.153,1231.4,979148.946,239.645,0.011,1278.4959193267823,978788.543838574,360.4021614260273,104.68511919520256,255.71704223082475
142,142,TENE143,343531.94,3115796.33,-16.5936,28.1586,1308.5,979132.067,239.44,0.011,1355.674878890991,978765.1556028571,366.91139714291785,110.92891616372818,255.9824809791897
143,143,TENE144,335282.69,3112251.37,-16.6771,28.1256,1025.0,979200.421,248.783,0.005,1071.6953989562987,978850.2862730164,350.1347269836115,86.43709509373728,263.6976318898742
144,144,TENE145,333843.76,3112635.94,-16.6918,28.1289,1027.4,979197.485,248.651,0.004,1074.089710733368,978849.7953413103,347.6896586896619,84.27181535968576,263.4178433299761
145,145,TENE146,327754.04,3114461.2,-16.754,28.1446,393.3,979334.039,250.121,0.003,439.6575986785888,979046.7424797859,287.2965202140622,25.305347635029783,261.9911725790324
146,146,TENE147,330414.07,3114999.38,-16.727,28.1498,928.3,979230.107,258.686,0.005,975.0884327532958,978881.9102221784,348.1967778215185,75.32570295487358,272.8710748666449
147,147,TENE148,329609.93,3115300.11,-16.7353,28.1524,824.3,979251.693,257.761,0.009,871.0368076895752,978914.2104627903,337.4825372096384,65.87575280114922,271.60678440848915
148,148,TENE149,327257.9,3115543.43,-16.7593,28.1543,484.1,979315.848,249.46,0.005,530.5524588636628,979019.4199331447,296.4280668552965,34.6949243832809,261.7331424720156
149,149,TENE150,330090.9,3116033.58,-16.7305,28.1591,882.7,979240.447,258.74,0.004,929.609709922638,978896.6411121496,343.8058878504671,69.29480509821649,274.5110827522506
150,150,TENE151,330110.43,3117403.14,-16.7305,28.1714,1018.8,979220.294,265.9,0.003,1065.9092415690611,978855.5120072825,364.78199271752965,83.8150370764616,280.966955641068
151,151,TENE152,340084.5,3124271.3,-16.6299,28.2346,2177.0,978962.965,246.854,0.023,2225.260594865326,978502.6723733855,460.29262661444955,192.78139364454424,267.51123296990534
152,152,TENE153,356558.7,3139503.6,-16.4639,28.374,1902.0,978988.902,225.689,0.012,1948.7976208703608,978598.4383359521,390.4636640478857,145.99337964658153,244.47028440130416
153,153,TENE154,335945.5,3138032.7,-16.674,28.3583,661.0,979269.012,225.452,0.004,708.0298376922608,978980.0146133238,288.9973866761429,49.768202494922,239.22918418122092
154,154,TENE155,323147.4,3134830.9,-16.804,28.3277,999.0,979215.38,243.388,0.003,1045.657436370239,978873.5293734558,341.850626544212,83.98814130667732,257.86248523753466
155,155,TENE156,376333.0,3150823.6,-16.2633,28.4782,319.0,979329.629,205.22,0.003,363.30821756692507,979095.4596516604,234.1693483395502,17.539531969679448,216.62981636987075
156,156,TENE157,330450.4,3128620.1,-16.7286,28.2727,1820.0,979036.865,243.829,0.019,1867.8144191741944,978615.7725479353,421.0924520647386,158.59534105981032,262.4971110049283
157,157,TENE158,339279.8,3115882.6,-16.6369,28.1588,1414.0,979124.298,252.235,0.003,1461.387399692566,978732.5607008688,391.7372991311131,122.46607023950428,269.2712288916088
158,158,TENE159,352954.4,3132362.3,-16.4998,28.3092,2370.0,978891.48,229.76,0.002,2417.570077618164,978448.9956070086,442.4843929914059,191.61448219560435,250.86991079580156
